INSERT INTO servizio_sanitario_provinciale (provincia_appartenenza) VALUES ('Brescia');
INSERT INTO servizio_sanitario_provinciale (provincia_appartenenza) VALUES ('Milano');
INSERT INTO servizio_sanitario_provinciale (provincia_appartenenza) VALUES ('Roma');
INSERT INTO medico_base (nome, cognome, provincia_appartenenza) VALUES ('Davide', 'Moretti', 'Brescia');
INSERT INTO medico_base (nome, cognome, provincia_appartenenza) VALUES ('Ludovica', 'Bruno', 'Milano');
INSERT INTO medico_base (nome, cognome, provincia_appartenenza) VALUES ('Michela', 'Caruso', 'Roma');
INSERT INTO medico_base (nome, cognome, provincia_appartenenza) VALUES ('Nicolo', 'Russo', 'Brescia');
INSERT INTO medico_base (nome, cognome, provincia_appartenenza) VALUES ('Diego', 'Santoro', 'Milano');
INSERT INTO paziente(nome, cognome, data_nascita, luogo_nascita, codice_fiscale, sesso, foto, id_medico, email, provincia_appartenenza) VALUES('Christian', 'Marchetti', '1972-09-10', 'Brescia', 'MRCCRS72P10B157L', 'M' , '[REPLACE WITH PATH]', 0, 'Christian.Marchetti@fake.gmail.com', 'Brescia');
INSERT INTO paziente(nome, cognome, data_nascita, luogo_nascita, codice_fiscale, sesso, foto, id_medico, email, provincia_appartenenza) VALUES('Beatrice', 'Costa', '1927-09-23', 'Roma', 'CSTBRC27P63H501S', 'F' , '[REPLACE WITH PATH]', 0, 'Beatrice.Costa@fake.gmail.com', 'Brescia');
INSERT INTO paziente(nome, cognome, data_nascita, luogo_nascita, codice_fiscale, sesso, foto, id_medico, email, provincia_appartenenza) VALUES('Antonio', 'Valentini', '1984-06-16', 'Milano', 'VLNNTN84H16F205E', 'M' , '[REPLACE WITH PATH]', 0, 'Antonio.Valentini@fake.gmail.com', 'Brescia');
INSERT INTO paziente(nome, cognome, data_nascita, luogo_nascita, codice_fiscale, sesso, foto, id_medico, email, provincia_appartenenza) VALUES('Anna', 'Costa', '2012-03-17', 'Roma', 'CSTNNA12C57H501P', 'F' , '[REPLACE WITH PATH]', 0, 'Anna.Costa@fake.gmail.com', 'Brescia');
INSERT INTO paziente(nome, cognome, data_nascita, luogo_nascita, codice_fiscale, sesso, foto, id_medico, email, provincia_appartenenza) VALUES('Giovanni', 'Galli', '1980-08-10', 'Brescia', 'GLLGNN80M10B157B', 'M' , '[REPLACE WITH PATH]', 0, 'Giovanni.Galli@fake.gmail.com', 'Brescia');
INSERT INTO paziente(nome, cognome, data_nascita, luogo_nascita, codice_fiscale, sesso, foto, id_medico, email, provincia_appartenenza) VALUES('Chiara', 'Russo', '1960-08-03', 'Brescia', 'RSSCHR60M43B157L', 'F' , '[REPLACE WITH PATH]', 0, 'Chiara.Russo@fake.gmail.com', 'Brescia');
INSERT INTO paziente(nome, cognome, data_nascita, luogo_nascita, codice_fiscale, sesso, foto, id_medico, email, provincia_appartenenza) VALUES('Nicolo', 'Mariani', '1931-01-14', 'Milano', 'MRNNCL31A14F205W', 'M' , '[REPLACE WITH PATH]', 1, 'Nicolo.Mariani@fake.gmail.com', 'Milano');
INSERT INTO paziente(nome, cognome, data_nascita, luogo_nascita, codice_fiscale, sesso, foto, id_medico, email, provincia_appartenenza) VALUES('Giuseppe', 'Valentini', '2004-07-28', 'Brescia', 'VLNGPP04L28B157O', 'M' , '[REPLACE WITH PATH]', 1, 'Giuseppe.Valentini@fake.gmail.com', 'Milano');
INSERT INTO paziente(nome, cognome, data_nascita, luogo_nascita, codice_fiscale, sesso, foto, id_medico, email, provincia_appartenenza) VALUES('Edoardo', 'De Santis', '1984-01-02', 'Milano', 'DSNDRD84A02F205H', 'M' , '[REPLACE WITH PATH]', 1, 'Edoardo.De Santis@fake.gmail.com', 'Milano');
INSERT INTO paziente(nome, cognome, data_nascita, luogo_nascita, codice_fiscale, sesso, foto, id_medico, email, provincia_appartenenza) VALUES('Giulia', 'Romano', '1985-12-19', 'Milano', 'RMNGLI85T59F205P', 'F' , '[REPLACE WITH PATH]', 1, 'Giulia.Romano@fake.gmail.com', 'Milano');
INSERT INTO paziente(nome, cognome, data_nascita, luogo_nascita, codice_fiscale, sesso, foto, id_medico, email, provincia_appartenenza) VALUES('Martina', 'Santoro', '2002-08-08', 'Milano', 'SNTMTN02M48F205P', 'F' , '[REPLACE WITH PATH]', 0, 'Martina.Santoro@fake.gmail.com', 'Brescia');
INSERT INTO paziente(nome, cognome, data_nascita, luogo_nascita, codice_fiscale, sesso, foto, id_medico, email, provincia_appartenenza) VALUES('Giovanni', 'Esposito', '1936-08-20', 'Brescia', 'SPSGNN36M20B157F', 'M' , '[REPLACE WITH PATH]', 2, 'Giovanni.Esposito@fake.gmail.com', 'Roma');
INSERT INTO paziente(nome, cognome, data_nascita, luogo_nascita, codice_fiscale, sesso, foto, id_medico, email, provincia_appartenenza) VALUES('Christian', 'D''angelo', '2006-07-11', 'Roma', 'DNGCRS06L11H501R', 'M' , '[REPLACE WITH PATH]', 3, 'Christian.D''angelo@fake.gmail.com', 'Brescia');
INSERT INTO paziente(nome, cognome, data_nascita, luogo_nascita, codice_fiscale, sesso, foto, id_medico, email, provincia_appartenenza) VALUES('Chiara', 'Mariani', '1932-02-01', 'Milano', 'MRNCHR32B41F205X', 'F' , '[REPLACE WITH PATH]', 3, 'Chiara.Mariani@fake.gmail.com', 'Brescia');
INSERT INTO paziente(nome, cognome, data_nascita, luogo_nascita, codice_fiscale, sesso, foto, id_medico, email, provincia_appartenenza) VALUES('Aurelio', 'Marchetti', '2011-06-28', 'Roma', 'MRCRLA11H28H501Q', 'M' , '[REPLACE WITH PATH]', 2, 'Aurelio.Marchetti@fake.gmail.com', 'Roma');
INSERT INTO paziente(nome, cognome, data_nascita, luogo_nascita, codice_fiscale, sesso, foto, id_medico, email, provincia_appartenenza) VALUES('Federico', 'Mariani', '1933-06-15', 'Milano', 'MRNFRC33H15F205E', 'M' , '[REPLACE WITH PATH]', 0, 'Federico.Mariani@fake.gmail.com', 'Brescia');
INSERT INTO paziente(nome, cognome, data_nascita, luogo_nascita, codice_fiscale, sesso, foto, id_medico, email, provincia_appartenenza) VALUES('Beppe', 'Martinelli', '1921-02-02', 'Milano', 'MRTBPP21B02F205Y', 'M' , '[REPLACE WITH PATH]', 2, 'Beppe.Martinelli@fake.gmail.com', 'Roma');
INSERT INTO paziente(nome, cognome, data_nascita, luogo_nascita, codice_fiscale, sesso, foto, id_medico, email, provincia_appartenenza) VALUES('Martina', 'Colombo', '1976-01-18', 'Milano', 'CLMMTN76A58F205O', 'F' , '[REPLACE WITH PATH]', 3, 'Martina.Colombo@fake.gmail.com', 'Brescia');
INSERT INTO paziente(nome, cognome, data_nascita, luogo_nascita, codice_fiscale, sesso, foto, id_medico, email, provincia_appartenenza) VALUES('Davide', 'Rinaldi', '1969-11-01', 'Brescia', 'RNLDVD69S01B157W', 'M' , '[REPLACE WITH PATH]', 2, 'Davide.Rinaldi@fake.gmail.com', 'Roma');
INSERT INTO paziente(nome, cognome, data_nascita, luogo_nascita, codice_fiscale, sesso, foto, id_medico, email, provincia_appartenenza) VALUES('Alessia', 'Bianco', '1930-08-20', 'Milano', 'BNCLSS30M60F205K', 'F' , '[REPLACE WITH PATH]', 2, 'Alessia.Bianco@fake.gmail.com', 'Roma');
INSERT INTO paziente(nome, cognome, data_nascita, luogo_nascita, codice_fiscale, sesso, foto, id_medico, email, provincia_appartenenza) VALUES('Matilde', 'Ferrara', '1991-06-23', 'Milano', 'FRRMLD91H63F205C', 'F' , '[REPLACE WITH PATH]', 1, 'Matilde.Ferrara@fake.gmail.com', 'Milano');
INSERT INTO paziente(nome, cognome, data_nascita, luogo_nascita, codice_fiscale, sesso, foto, id_medico, email, provincia_appartenenza) VALUES('Martina', 'Rizzo', '2015-03-31', 'Roma', 'RZZMTN15C71H501C', 'F' , '[REPLACE WITH PATH]', 0, 'Martina.Rizzo@fake.gmail.com', 'Brescia');
INSERT INTO paziente(nome, cognome, data_nascita, luogo_nascita, codice_fiscale, sesso, foto, id_medico, email, provincia_appartenenza) VALUES('Emma', 'Greco', '1928-03-23', 'Brescia', 'GRCMME28C63B157V', 'F' , '[REPLACE WITH PATH]', 0, 'Emma.Greco@fake.gmail.com', 'Brescia');
INSERT INTO paziente(nome, cognome, data_nascita, luogo_nascita, codice_fiscale, sesso, foto, id_medico, email, provincia_appartenenza) VALUES('Martina', 'Conte', '1949-04-28', 'Milano', 'CNTMTN49D68F205O', 'F' , '[REPLACE WITH PATH]', 1, 'Martina.Conte@fake.gmail.com', 'Milano');
INSERT INTO paziente(nome, cognome, data_nascita, luogo_nascita, codice_fiscale, sesso, foto, id_medico, email, provincia_appartenenza) VALUES('Giuseppe', 'Romano', '1932-11-20', 'Milano', 'RMNGPP32S20F205H', 'M' , '[REPLACE WITH PATH]', 1, 'Giuseppe.Romano@fake.gmail.com', 'Milano');
INSERT INTO paziente(nome, cognome, data_nascita, luogo_nascita, codice_fiscale, sesso, foto, id_medico, email, provincia_appartenenza) VALUES('Vittoria', 'Valentini', '1982-01-11', 'Brescia', 'VLNVTR82A51B157N', 'F' , '[REPLACE WITH PATH]', 2, 'Vittoria.Valentini@fake.gmail.com', 'Roma');
INSERT INTO paziente(nome, cognome, data_nascita, luogo_nascita, codice_fiscale, sesso, foto, id_medico, email, provincia_appartenenza) VALUES('Emma', 'Caruso', '1963-10-20', 'Brescia', 'CRSMME63R60B157U', 'F' , '[REPLACE WITH PATH]', 3, 'Emma.Caruso@fake.gmail.com', 'Brescia');
INSERT INTO paziente(nome, cognome, data_nascita, luogo_nascita, codice_fiscale, sesso, foto, id_medico, email, provincia_appartenenza) VALUES('Antonio', 'Ferrara', '1929-04-25', 'Brescia', 'FRRNTN29D25B157H', 'M' , '[REPLACE WITH PATH]', 2, 'Antonio.Ferrara@fake.gmail.com', 'Roma');
INSERT INTO paziente(nome, cognome, data_nascita, luogo_nascita, codice_fiscale, sesso, foto, id_medico, email, provincia_appartenenza) VALUES('Giuseppe', 'Valentini', '1927-05-20', 'Roma', 'VLNGPP27E20H501F', 'M' , '[REPLACE WITH PATH]', 4, 'Giuseppe.Valentini@fake.gmail.com', 'Milano');
INSERT INTO paziente(nome, cognome, data_nascita, luogo_nascita, codice_fiscale, sesso, foto, id_medico, email, provincia_appartenenza) VALUES('Alessia', 'Giordano', '1969-05-18', 'Milano', 'GRDLSS69E58F205E', 'F' , '[REPLACE WITH PATH]', 2, 'Alessia.Giordano@fake.gmail.com', 'Roma');
INSERT INTO paziente(nome, cognome, data_nascita, luogo_nascita, codice_fiscale, sesso, foto, id_medico, email, provincia_appartenenza) VALUES('Sofia', 'Romano', '2017-07-01', 'Brescia', 'RMNSFO17L41B157T', 'F' , '[REPLACE WITH PATH]', 4, 'Sofia.Romano@fake.gmail.com', 'Milano');
INSERT INTO paziente(nome, cognome, data_nascita, luogo_nascita, codice_fiscale, sesso, foto, id_medico, email, provincia_appartenenza) VALUES('Sofia', 'Costa', '2013-02-27', 'Roma', 'CSTSFO13B67H501Y', 'F' , '[REPLACE WITH PATH]', 3, 'Sofia.Costa@fake.gmail.com', 'Brescia');
INSERT INTO paziente(nome, cognome, data_nascita, luogo_nascita, codice_fiscale, sesso, foto, id_medico, email, provincia_appartenenza) VALUES('Giuseppe', 'Gentile', '1986-05-13', 'Roma', 'GNTGPP86E13H501Y', 'M' , '[REPLACE WITH PATH]', 3, 'Giuseppe.Gentile@fake.gmail.com', 'Brescia');
INSERT INTO paziente(nome, cognome, data_nascita, luogo_nascita, codice_fiscale, sesso, foto, id_medico, email, provincia_appartenenza) VALUES('Aurora', 'Leone', '2004-07-26', 'Roma', 'LNERRA04L66H501X', 'F' , '[REPLACE WITH PATH]', 4, 'Aurora.Leone@fake.gmail.com', 'Milano');
INSERT INTO paziente(nome, cognome, data_nascita, luogo_nascita, codice_fiscale, sesso, foto, id_medico, email, provincia_appartenenza) VALUES('Matilde', 'Mancini', '1972-11-11', 'Milano', 'MNCMLD72S51F205K', 'F' , '[REPLACE WITH PATH]', 1, 'Matilde.Mancini@fake.gmail.com', 'Milano');
INSERT INTO paziente(nome, cognome, data_nascita, luogo_nascita, codice_fiscale, sesso, foto, id_medico, email, provincia_appartenenza) VALUES('Gabriele', 'Santoro', '1958-10-12', 'Brescia', 'SNTGRL58R12B157S', 'M' , '[REPLACE WITH PATH]', 4, 'Gabriele.Santoro@fake.gmail.com', 'Milano');
INSERT INTO paziente(nome, cognome, data_nascita, luogo_nascita, codice_fiscale, sesso, foto, id_medico, email, provincia_appartenenza) VALUES('Francesco', 'Ricci', '2001-04-20', 'Roma', 'RCCFNC01D20H501W', 'M' , '[REPLACE WITH PATH]', 1, 'Francesco.Ricci@fake.gmail.com', 'Milano');
INSERT INTO paziente(nome, cognome, data_nascita, luogo_nascita, codice_fiscale, sesso, foto, id_medico, email, provincia_appartenenza) VALUES('Nicolo', 'Fontana', '1965-02-18', 'Brescia', 'FNTNCL65B18B157C', 'M' , '[REPLACE WITH PATH]', 4, 'Nicolo.Fontana@fake.gmail.com', 'Milano');
INSERT INTO paziente(nome, cognome, data_nascita, luogo_nascita, codice_fiscale, sesso, foto, id_medico, email, provincia_appartenenza) VALUES('Roberta', 'Giordano', '1932-11-04', 'Milano', 'GRDRRT32S44F205K', 'F' , '[REPLACE WITH PATH]', 4, 'Roberta.Giordano@fake.gmail.com', 'Milano');
INSERT INTO paziente(nome, cognome, data_nascita, luogo_nascita, codice_fiscale, sesso, foto, id_medico, email, provincia_appartenenza) VALUES('Giovanni', 'Rizzo', '1941-11-22', 'Brescia', 'RZZGNN41S22B157R', 'M' , '[REPLACE WITH PATH]', 4, 'Giovanni.Rizzo@fake.gmail.com', 'Milano');
INSERT INTO paziente(nome, cognome, data_nascita, luogo_nascita, codice_fiscale, sesso, foto, id_medico, email, provincia_appartenenza) VALUES('Beatrice', 'Valentini', '1957-10-26', 'Roma', 'VLNBRC57R66H501R', 'F' , '[REPLACE WITH PATH]', 1, 'Beatrice.Valentini@fake.gmail.com', 'Milano');
INSERT INTO paziente(nome, cognome, data_nascita, luogo_nascita, codice_fiscale, sesso, foto, id_medico, email, provincia_appartenenza) VALUES('Aurelio', 'Conti', '1948-09-26', 'Roma', 'CNTRLA48P26H501G', 'M' , '[REPLACE WITH PATH]', 3, 'Aurelio.Conti@fake.gmail.com', 'Brescia');
INSERT INTO paziente(nome, cognome, data_nascita, luogo_nascita, codice_fiscale, sesso, foto, id_medico, email, provincia_appartenenza) VALUES('Francesco', 'Martinelli', '2003-06-08', 'Brescia', 'MRTFNC03H08B157J', 'M' , '[REPLACE WITH PATH]', 3, 'Francesco.Martinelli@fake.gmail.com', 'Brescia');
INSERT INTO paziente(nome, cognome, data_nascita, luogo_nascita, codice_fiscale, sesso, foto, id_medico, email, provincia_appartenenza) VALUES('Giovanna', 'Mariani', '1927-08-27', 'Milano', 'MRNGNN27M67F205O', 'F' , '[REPLACE WITH PATH]', 4, 'Giovanna.Mariani@fake.gmail.com', 'Milano');
INSERT INTO paziente(nome, cognome, data_nascita, luogo_nascita, codice_fiscale, sesso, foto, id_medico, email, provincia_appartenenza) VALUES('Gabriele', 'Martini', '2012-08-13', 'Milano', 'MRTGRL12M13F205V', 'M' , '[REPLACE WITH PATH]', 4, 'Gabriele.Martini@fake.gmail.com', 'Milano');
INSERT INTO paziente(nome, cognome, data_nascita, luogo_nascita, codice_fiscale, sesso, foto, id_medico, email, provincia_appartenenza) VALUES('Anna', 'Rossi', '2013-08-27', 'Roma', 'RSSNNA13M67H501F', 'F' , '[REPLACE WITH PATH]', 3, 'Anna.Rossi@fake.gmail.com', 'Brescia');
INSERT INTO paziente(nome, cognome, data_nascita, luogo_nascita, codice_fiscale, sesso, foto, id_medico, email, provincia_appartenenza) VALUES('Samuele', 'Bianchi', '2011-07-18', 'Brescia', 'BNCSML11L18B157J', 'M' , '[REPLACE WITH PATH]', 3, 'Samuele.Bianchi@fake.gmail.com', 'Brescia');
INSERT INTO paziente(nome, cognome, data_nascita, luogo_nascita, codice_fiscale, sesso, foto, id_medico, email, provincia_appartenenza) VALUES('Tommaso', 'Galli', '2016-04-22', 'Brescia', 'GLLTMS16D22B157Y', 'M' , '[REPLACE WITH PATH]', 4, 'Tommaso.Galli@fake.gmail.com', 'Milano');
INSERT INTO paziente(nome, cognome, data_nascita, luogo_nascita, codice_fiscale, sesso, foto, id_medico, email, provincia_appartenenza) VALUES('Nicolo', 'Marchetti', '1991-04-02', 'Roma', 'MRCNCL91D02H501T', 'M' , '[REPLACE WITH PATH]', 2, 'Nicolo.Marchetti@fake.gmail.com', 'Roma');
INSERT INTO paziente(nome, cognome, data_nascita, luogo_nascita, codice_fiscale, sesso, foto, id_medico, email, provincia_appartenenza) VALUES('Beppe', 'Bianco', '1956-02-07', 'Milano', 'BNCBPP56B07F205S', 'M' , '[REPLACE WITH PATH]', 2, 'Beppe.Bianco@fake.gmail.com', 'Roma');
