INSERT INTO servizio_sanitario_provinciale (provincia_appartenenza) VALUES ('Brescia');
INSERT INTO servizio_sanitario_provinciale (provincia_appartenenza) VALUES ('Milano');
INSERT INTO servizio_sanitario_provinciale (provincia_appartenenza) VALUES ('Roma');
INSERT INTO medico_base (nome, cognome, provincia_appartenenza) VALUES ('Roberto', 'Conte', 'Brescia');
INSERT INTO medico_base (nome, cognome, provincia_appartenenza) VALUES ('Sofia', 'Ferraro', 'Milano');
INSERT INTO medico_base (nome, cognome, provincia_appartenenza) VALUES ('Christian', 'Longo', 'Roma');
INSERT INTO medico_base (nome, cognome, provincia_appartenenza) VALUES ('Samuele', 'Caruso', 'Brescia');
INSERT INTO medico_base (nome, cognome, provincia_appartenenza) VALUES ('Nicolo', 'Fabbri', 'Milano');
INSERT INTO paziente(nome, cognome, data_nascita, luogo_nascita, codice_fiscale, sesso, foto, id_medico, email, provincia_appartenenza) VALUES('Nicola', 'Marini', '1949-04-22', 'Milano', 'MRNNCL49D22F205J', 'M' , '[REPLACE WITH PATH]', 1, 'Nicola.Marini@fake.gmail.com', 'Brescia');
INSERT INTO paziente(nome, cognome, data_nascita, luogo_nascita, codice_fiscale, sesso, foto, id_medico, email, provincia_appartenenza) VALUES('Aurelio', 'Serra', '1982-01-12', 'Milano', 'SRRRLA82A12F205F', 'M' , '[REPLACE WITH PATH]', 1, 'Aurelio.Serra@fake.gmail.com', 'Brescia');
INSERT INTO paziente(nome, cognome, data_nascita, luogo_nascita, codice_fiscale, sesso, foto, id_medico, email, provincia_appartenenza) VALUES('Giovanni', 'Bruno', '2001-02-11', 'Roma', 'BRNGNN01B11H501V', 'M' , '[REPLACE WITH PATH]', 1, 'Giovanni.Bruno@fake.gmail.com', 'Brescia');
INSERT INTO paziente(nome, cognome, data_nascita, luogo_nascita, codice_fiscale, sesso, foto, id_medico, email, provincia_appartenenza) VALUES('Nicola', 'Villa', '1956-05-29', 'Brescia', 'VLLNCL56E29B157Y', 'M' , '[REPLACE WITH PATH]', 1, 'Nicola.Villa@fake.gmail.com', 'Brescia');
INSERT INTO paziente(nome, cognome, data_nascita, luogo_nascita, codice_fiscale, sesso, foto, id_medico, email, provincia_appartenenza) VALUES('Davide', 'Rizzo', '1952-10-09', 'Milano', 'RZZDVD52R09F205J', 'M' , '[REPLACE WITH PATH]', 2, 'Davide.Rizzo@fake.gmail.com', 'Milano');
INSERT INTO paziente(nome, cognome, data_nascita, luogo_nascita, codice_fiscale, sesso, foto, id_medico, email, provincia_appartenenza) VALUES('Samuele', 'Gallo', '1995-11-05', 'Roma', 'GLLSML95S05H501S', 'M' , '[REPLACE WITH PATH]', 1, 'Samuele.Gallo@fake.gmail.com', 'Brescia');
INSERT INTO paziente(nome, cognome, data_nascita, luogo_nascita, codice_fiscale, sesso, foto, id_medico, email, provincia_appartenenza) VALUES('Chiara', 'Valentini', '1943-10-23', 'Brescia', 'VLNCHR43R63B157D', 'F' , '[REPLACE WITH PATH]', 2, 'Chiara.Valentini@fake.gmail.com', 'Milano');
INSERT INTO paziente(nome, cognome, data_nascita, luogo_nascita, codice_fiscale, sesso, foto, id_medico, email, provincia_appartenenza) VALUES('Alessia', 'Marchetti', '1985-11-08', 'Milano', 'MRCLSS85S48F205H', 'F' , '[REPLACE WITH PATH]', 1, 'Alessia.Marchetti@fake.gmail.com', 'Brescia');
INSERT INTO paziente(nome, cognome, data_nascita, luogo_nascita, codice_fiscale, sesso, foto, id_medico, email, provincia_appartenenza) VALUES('Federico', 'Ferri', '1926-06-26', 'Milano', 'FRRFRC26H26F205R', 'M' , '[REPLACE WITH PATH]', 1, 'Federico.Ferri@fake.gmail.com', 'Brescia');
INSERT INTO paziente(nome, cognome, data_nascita, luogo_nascita, codice_fiscale, sesso, foto, id_medico, email, provincia_appartenenza) VALUES('Sofia', 'Costa', '1977-06-27', 'Milano', 'CSTSFO77H67F205N', 'F' , '[REPLACE WITH PATH]', 3, 'Sofia.Costa@fake.gmail.com', 'Roma');
INSERT INTO paziente(nome, cognome, data_nascita, luogo_nascita, codice_fiscale, sesso, foto, id_medico, email, provincia_appartenenza) VALUES('Mattia', 'Mancini', '1934-11-09', 'Roma', 'MNCMTT34S09H501P', 'M' , '[REPLACE WITH PATH]', 2, 'Mattia.Mancini@fake.gmail.com', 'Milano');
INSERT INTO paziente(nome, cognome, data_nascita, luogo_nascita, codice_fiscale, sesso, foto, id_medico, email, provincia_appartenenza) VALUES('Noemi', 'Conti', '1992-08-16', 'Roma', 'CNTNMO92M56H501C', 'F' , '[REPLACE WITH PATH]', 2, 'Noemi.Conti@fake.gmail.com', 'Milano');
INSERT INTO paziente(nome, cognome, data_nascita, luogo_nascita, codice_fiscale, sesso, foto, id_medico, email, provincia_appartenenza) VALUES('Aurora', 'Villa', '1930-09-17', 'Brescia', 'VLLRRA30P57B157B', 'F' , '[REPLACE WITH PATH]', 2, 'Aurora.Villa@fake.gmail.com', 'Milano');
INSERT INTO paziente(nome, cognome, data_nascita, luogo_nascita, codice_fiscale, sesso, foto, id_medico, email, provincia_appartenenza) VALUES('Nicolo', 'Esposito', '1947-12-23', 'Milano', 'SPSNCL47T23F205A', 'M' , '[REPLACE WITH PATH]', 2, 'Nicolo.Esposito@fake.gmail.com', 'Milano');
INSERT INTO paziente(nome, cognome, data_nascita, luogo_nascita, codice_fiscale, sesso, foto, id_medico, email, provincia_appartenenza) VALUES('Matteo', 'Martini', '1921-07-01', 'Milano', 'MRTMTT21L01F205X', 'M' , '[REPLACE WITH PATH]', 3, 'Matteo.Martini@fake.gmail.com', 'Roma');
INSERT INTO paziente(nome, cognome, data_nascita, luogo_nascita, codice_fiscale, sesso, foto, id_medico, email, provincia_appartenenza) VALUES('Lorenzo', 'D''angelo', '1936-07-19', 'Roma', 'DNGLNZ36L19H501U', 'M' , '[REPLACE WITH PATH]', 1, 'Lorenzo.D''angelo@fake.gmail.com', 'Brescia');
INSERT INTO paziente(nome, cognome, data_nascita, luogo_nascita, codice_fiscale, sesso, foto, id_medico, email, provincia_appartenenza) VALUES('Matilde', 'Martini', '1933-10-23', 'Brescia', 'MRTMLD33R63B157S', 'F' , '[REPLACE WITH PATH]', 3, 'Matilde.Martini@fake.gmail.com', 'Roma');
INSERT INTO paziente(nome, cognome, data_nascita, luogo_nascita, codice_fiscale, sesso, foto, id_medico, email, provincia_appartenenza) VALUES('Nicolo', 'Longo', '1987-02-09', 'Roma', 'LNGNCL87B09H501Y', 'M' , '[REPLACE WITH PATH]', 2, 'Nicolo.Longo@fake.gmail.com', 'Milano');
INSERT INTO paziente(nome, cognome, data_nascita, luogo_nascita, codice_fiscale, sesso, foto, id_medico, email, provincia_appartenenza) VALUES('Alessandro', 'Lombardi', '1961-05-06', 'Roma', 'LMBLSN61E06H501I', 'M' , '[REPLACE WITH PATH]', 1, 'Alessandro.Lombardi@fake.gmail.com', 'Brescia');
INSERT INTO paziente(nome, cognome, data_nascita, luogo_nascita, codice_fiscale, sesso, foto, id_medico, email, provincia_appartenenza) VALUES('Tommaso', 'Santoro', '1957-05-22', 'Roma', 'SNTTMS57E22H501U', 'M' , '[REPLACE WITH PATH]', 4, 'Tommaso.Santoro@fake.gmail.com', 'Brescia');
INSERT INTO paziente(nome, cognome, data_nascita, luogo_nascita, codice_fiscale, sesso, foto, id_medico, email, provincia_appartenenza) VALUES('Roberto', 'Ferri', '1928-02-28', 'Roma', 'FRRRRT28B28H501G', 'M' , '[REPLACE WITH PATH]', 3, 'Roberto.Ferri@fake.gmail.com', 'Roma');
INSERT INTO paziente(nome, cognome, data_nascita, luogo_nascita, codice_fiscale, sesso, foto, id_medico, email, provincia_appartenenza) VALUES('Anna', 'Marini', '1964-12-30', 'Milano', 'MRNNNA64T70F205W', 'F' , '[REPLACE WITH PATH]', 2, 'Anna.Marini@fake.gmail.com', 'Milano');
INSERT INTO paziente(nome, cognome, data_nascita, luogo_nascita, codice_fiscale, sesso, foto, id_medico, email, provincia_appartenenza) VALUES('Anna', 'Ferrara', '2013-01-10', 'Brescia', 'FRRNNA13A50B157A', 'F' , '[REPLACE WITH PATH]', 2, 'Anna.Ferrara@fake.gmail.com', 'Milano');
INSERT INTO paziente(nome, cognome, data_nascita, luogo_nascita, codice_fiscale, sesso, foto, id_medico, email, provincia_appartenenza) VALUES('Alessandro', 'DeLuca', '1936-01-26', 'Milano', 'DLCLSN36A26F205J', 'M' , '[REPLACE WITH PATH]', 3, 'Alessandro.DeLuca@fake.gmail.com', 'Roma');
INSERT INTO paziente(nome, cognome, data_nascita, luogo_nascita, codice_fiscale, sesso, foto, id_medico, email, provincia_appartenenza) VALUES('Matteo', 'DeLuca', '1977-10-13', 'Brescia', 'DLCMTT77R13B157B', 'M' , '[REPLACE WITH PATH]', 1, 'Matteo.DeLuca@fake.gmail.com', 'Brescia');
INSERT INTO paziente(nome, cognome, data_nascita, luogo_nascita, codice_fiscale, sesso, foto, id_medico, email, provincia_appartenenza) VALUES('Aurora', 'Conte', '2003-01-13', 'Roma', 'CNTRRA03A53H501Q', 'F' , '[REPLACE WITH PATH]', 4, 'Aurora.Conte@fake.gmail.com', 'Brescia');
INSERT INTO paziente(nome, cognome, data_nascita, luogo_nascita, codice_fiscale, sesso, foto, id_medico, email, provincia_appartenenza) VALUES('Ludovica', 'Mariani', '1983-11-14', 'Milano', 'MRNLVC83S54F205T', 'F' , '[REPLACE WITH PATH]', 3, 'Ludovica.Mariani@fake.gmail.com', 'Roma');
INSERT INTO paziente(nome, cognome, data_nascita, luogo_nascita, codice_fiscale, sesso, foto, id_medico, email, provincia_appartenenza) VALUES('Alice', 'Barbieri', '1951-03-20', 'Brescia', 'BRBLCA51C60B157E', 'F' , '[REPLACE WITH PATH]', 4, 'Alice.Barbieri@fake.gmail.com', 'Brescia');
INSERT INTO paziente(nome, cognome, data_nascita, luogo_nascita, codice_fiscale, sesso, foto, id_medico, email, provincia_appartenenza) VALUES('Giorgia', 'Giordano', '1924-01-21', 'Brescia', 'GRDGRG24A61B157U', 'F' , '[REPLACE WITH PATH]', 4, 'Giorgia.Giordano@fake.gmail.com', 'Brescia');
INSERT INTO paziente(nome, cognome, data_nascita, luogo_nascita, codice_fiscale, sesso, foto, id_medico, email, provincia_appartenenza) VALUES('Federico', 'Santoro', '1948-12-02', 'Brescia', 'SNTFRC48T02B157J', 'M' , '[REPLACE WITH PATH]', 3, 'Federico.Santoro@fake.gmail.com', 'Roma');
INSERT INTO paziente(nome, cognome, data_nascita, luogo_nascita, codice_fiscale, sesso, foto, id_medico, email, provincia_appartenenza) VALUES('Giuseppe', 'Barbieri', '1977-02-13', 'Roma', 'BRBGPP77B13H501P', 'M' , '[REPLACE WITH PATH]', 3, 'Giuseppe.Barbieri@fake.gmail.com', 'Roma');
INSERT INTO paziente(nome, cognome, data_nascita, luogo_nascita, codice_fiscale, sesso, foto, id_medico, email, provincia_appartenenza) VALUES('Sara', 'Lombardi', '2016-02-10', 'Roma', 'LMBSRA16B50H501W', 'F' , '[REPLACE WITH PATH]', 2, 'Sara.Lombardi@fake.gmail.com', 'Milano');
INSERT INTO paziente(nome, cognome, data_nascita, luogo_nascita, codice_fiscale, sesso, foto, id_medico, email, provincia_appartenenza) VALUES('Anna', 'Ferrara', '1976-04-17', 'Milano', 'FRRNNA76D57F205Q', 'F' , '[REPLACE WITH PATH]', 4, 'Anna.Ferrara@fake.gmail.com', 'Brescia');
INSERT INTO paziente(nome, cognome, data_nascita, luogo_nascita, codice_fiscale, sesso, foto, id_medico, email, provincia_appartenenza) VALUES('Aurelio', 'Marino', '1986-05-09', 'Roma', 'MRNRLA86E09H501V', 'M' , '[REPLACE WITH PATH]', 3, 'Aurelio.Marino@fake.gmail.com', 'Roma');
INSERT INTO paziente(nome, cognome, data_nascita, luogo_nascita, codice_fiscale, sesso, foto, id_medico, email, provincia_appartenenza) VALUES('Giulia', 'Rossi', '2006-07-20', 'Milano', 'RSSGLI06L60F205T', 'F' , '[REPLACE WITH PATH]', 4, 'Giulia.Rossi@fake.gmail.com', 'Brescia');
INSERT INTO paziente(nome, cognome, data_nascita, luogo_nascita, codice_fiscale, sesso, foto, id_medico, email, provincia_appartenenza) VALUES('Matteo', 'Bruno', '2009-12-30', 'Roma', 'BRNMTT09T30H501A', 'M' , '[REPLACE WITH PATH]', 4, 'Matteo.Bruno@fake.gmail.com', 'Brescia');
INSERT INTO paziente(nome, cognome, data_nascita, luogo_nascita, codice_fiscale, sesso, foto, id_medico, email, provincia_appartenenza) VALUES('Federico', 'Fabbri', '1930-06-17', 'Roma', 'FBBFRC30H17H501N', 'M' , '[REPLACE WITH PATH]', 4, 'Federico.Fabbri@fake.gmail.com', 'Brescia');
INSERT INTO paziente(nome, cognome, data_nascita, luogo_nascita, codice_fiscale, sesso, foto, id_medico, email, provincia_appartenenza) VALUES('Giorgia', 'Coppola', '1921-01-03', 'Brescia', 'CPPGRG21A43B157G', 'F' , '[REPLACE WITH PATH]', 4, 'Giorgia.Coppola@fake.gmail.com', 'Brescia');
INSERT INTO paziente(nome, cognome, data_nascita, luogo_nascita, codice_fiscale, sesso, foto, id_medico, email, provincia_appartenenza) VALUES('Riccardo', 'Caruso', '1938-09-04', 'Brescia', 'CRSRCR38P04B157T', 'M' , '[REPLACE WITH PATH]', 5, 'Riccardo.Caruso@fake.gmail.com', 'Milano');
INSERT INTO paziente(nome, cognome, data_nascita, luogo_nascita, codice_fiscale, sesso, foto, id_medico, email, provincia_appartenenza) VALUES('Gaia', 'Rizzo', '1933-10-17', 'Milano', 'RZZGAI33R57F205E', 'F' , '[REPLACE WITH PATH]', 5, 'Gaia.Rizzo@fake.gmail.com', 'Milano');
INSERT INTO paziente(nome, cognome, data_nascita, luogo_nascita, codice_fiscale, sesso, foto, id_medico, email, provincia_appartenenza) VALUES('Nicole', 'Ferraro', '1946-04-29', 'Milano', 'FRRNCL46D69F205J', 'F' , '[REPLACE WITH PATH]', 5, 'Nicole.Ferraro@fake.gmail.com', 'Milano');
INSERT INTO paziente(nome, cognome, data_nascita, luogo_nascita, codice_fiscale, sesso, foto, id_medico, email, provincia_appartenenza) VALUES('Giuseppe', 'Giordano', '1975-03-10', 'Milano', 'GRDGPP75C10F205L', 'M' , '[REPLACE WITH PATH]', 5, 'Giuseppe.Giordano@fake.gmail.com', 'Milano');
INSERT INTO paziente(nome, cognome, data_nascita, luogo_nascita, codice_fiscale, sesso, foto, id_medico, email, provincia_appartenenza) VALUES('Antonio', 'Grasso', '1977-05-25', 'Roma', 'GRSNTN77E25H501W', 'M' , '[REPLACE WITH PATH]', 5, 'Antonio.Grasso@fake.gmail.com', 'Milano');
INSERT INTO paziente(nome, cognome, data_nascita, luogo_nascita, codice_fiscale, sesso, foto, id_medico, email, provincia_appartenenza) VALUES('Ludovica', 'Grasso', '1988-10-16', 'Brescia', 'GRSLVC88R56B157P', 'F' , '[REPLACE WITH PATH]', 5, 'Ludovica.Grasso@fake.gmail.com', 'Milano');
INSERT INTO paziente(nome, cognome, data_nascita, luogo_nascita, codice_fiscale, sesso, foto, id_medico, email, provincia_appartenenza) VALUES('Chiara', 'Ferri', '2012-06-15', 'Milano', 'FRRCHR12H55F205E', 'F' , '[REPLACE WITH PATH]', 3, 'Chiara.Ferri@fake.gmail.com', 'Roma');
INSERT INTO paziente(nome, cognome, data_nascita, luogo_nascita, codice_fiscale, sesso, foto, id_medico, email, provincia_appartenenza) VALUES('Edoardo', 'Marchetti', '1986-11-25', 'Milano', 'MRCDRD86S25F205Z', 'M' , '[REPLACE WITH PATH]', 5, 'Edoardo.Marchetti@fake.gmail.com', 'Milano');
INSERT INTO paziente(nome, cognome, data_nascita, luogo_nascita, codice_fiscale, sesso, foto, id_medico, email, provincia_appartenenza) VALUES('Giuseppe', 'Coppola', '1941-06-12', 'Roma', 'CPPGPP41H12H501W', 'M' , '[REPLACE WITH PATH]', 5, 'Giuseppe.Coppola@fake.gmail.com', 'Milano');
INSERT INTO paziente(nome, cognome, data_nascita, luogo_nascita, codice_fiscale, sesso, foto, id_medico, email, provincia_appartenenza) VALUES('Beppe', 'Mancini', '1995-10-23', 'Brescia', 'MNCBPP95R23B157R', 'M' , '[REPLACE WITH PATH]', 4, 'Beppe.Mancini@fake.gmail.com', 'Brescia');
INSERT INTO paziente(nome, cognome, data_nascita, luogo_nascita, codice_fiscale, sesso, foto, id_medico, email, provincia_appartenenza) VALUES('Noemi', 'Gentile', '1989-12-18', 'Brescia', 'GNTNMO89T58B157U', 'F' , '[REPLACE WITH PATH]', 5, 'Noemi.Gentile@fake.gmail.com', 'Milano');
INSERT INTO paziente(nome, cognome, data_nascita, luogo_nascita, codice_fiscale, sesso, foto, id_medico, email, provincia_appartenenza) VALUES('Beppe', 'Vitale', '1970-01-30', 'Milano', 'VTLBPP70A30F205T', 'M' , '[REPLACE WITH PATH]', 5, 'Beppe.Vitale@fake.gmail.com', 'Milano');
