INSERT INTO users (typ, username, pass, nome, cognome, provincia_appartenenza) VALUES ('medico_base','noemi.marchetti@fake.gmail.com','10000:129e9b574c87da54:d99f9c5033956065c058b236497ab831b9cedb554e5a426762b040cc8e059729dbed66778ac75a4c8c89cc7edf6a0dbc4a3a5d4a956946fa92e5752b5f43940e','Noemi', 'Marchetti', 'Brescia');
INSERT INTO users (typ, username, pass, nome, cognome, provincia_appartenenza) VALUES ('medico_base','antonio.santoro@fake.gmail.com','10000:a4a4551be53e1107:38e949573d0a8508b3c72af68fe5632a6b083aaca9ad873538dcc3b6f93bce84462ad690439d8231ae7727ade81b1284e673d0847fdbb28627de640c55c561b1','Antonio', 'Santoro', 'Milano');
INSERT INTO users (typ, username, pass, nome, cognome, provincia_appartenenza) VALUES ('medico_base','greta.de santis@fake.gmail.com','10000:eb6fb148de5339b3:85a7b0e6fa5c4dfba280ff7d775b6068d2457444d1308762a47526fa0da5b7e73b1e49838bada6703d6b62ce096f3d44ff921ca10050c1ea4fe67ba472a16d24','Greta', 'De Santis', 'Roma');
INSERT INTO users (typ, username, pass, nome, cognome, provincia_appartenenza) VALUES ('medico_base','lorenzo.valentini@fake.gmail.com','10000:fb9395d94f51e80d:efc3e38d10c96bd512e40dd9cd219696db4095e6acebf611e327f13b56626f7350d508bc82ce939d97c38343e1bf1685e5d86e0825048a9b4dfc997bba04557e','Lorenzo', 'Valentini', 'Brescia');
INSERT INTO users (typ, username, pass, nome, cognome, provincia_appartenenza) VALUES ('medico_base','leonardo.longo@fake.gmail.com','10000:5b296a187016ee30:d0beb22b5326f95779c576bee315411c9aeada1f4669f64f2565854ba16c48beebe74286f585758a2fe4b738d935d4951d87ad217c77bedf34a8e9b028bdbbfd','Leonardo', 'Longo', 'Milano');
INSERT INTO users (typ, username, pass, nome, cognome, provincia_appartenenza) VALUES ('medico_specialista','noemi.marino@fake.gmail.com','10000:34b30e4aec1076e1:6604b5bd813e940276833e6101adec57125e4dfefb88cbca457ba5849eb040367e56779bf6dca1cc24329966e9131f047a72ab2d856b35b203d2fae9129127eb','Noemi', 'Marino', 'Brescia');
INSERT INTO users (typ, username, pass, nome, cognome, provincia_appartenenza) VALUES ('medico_specialista','tommaso.mariani@fake.gmail.com','10000:f7937395777d236d:997b3065ea0e0ef62ee4983e045be8fe5634647b1491997d5b56180e5b962e6d624ef0fb8d6f8176051a23f87fb85b1d041eb2af14f11f53ff84c05a0b8df95a','Tommaso', 'Mariani', 'Milano');
INSERT INTO users (typ, username, pass, nome, cognome, provincia_appartenenza) VALUES ('medico_specialista','noemi.de santis@fake.gmail.com','10000:6522d4fbad68ff2c:d2fc9d14125828fe69a8eb45469b837a617df7545ccf82a09923da5a9ecc620b9dd99934846b898fcf94648e52becb2f71508ff0a0ca9fb2baceb500c0032e34','Noemi', 'De Santis', 'Roma');
INSERT INTO users (typ, username, pass, nome, cognome, provincia_appartenenza) VALUES ('medico_specialista','nicola.gallo@fake.gmail.com','10000:2bae4a569707b10f:57da354e10ea7d6a1d052430df9052495185b8c55737253be3b51397a16d78566e459513651ba708255f375e69efa2530a2ae61527d9d3c00902be7006fd112a','Nicola', 'Gallo', 'Brescia');
INSERT INTO users (typ, username, pass, nome, cognome, provincia_appartenenza) VALUES ('medico_specialista','sara.ricci@fake.gmail.com','10000:1985008543a4b5eb:1057757b79b07181f45bffe379a3325689e2badd2cf5482d44c40f4eced6d22162358991ce795872276f9743da505a3186b5f1e4c10bb592238ef1a835cc2d76','Sara', 'Ricci', 'Milano');
INSERT INTO users (typ, username, pass, provincia_appartenenza) VALUES ('ssp','ssp.brescia@fake.gmail.com','10000:d1c808532e9b2bce:9419880703421407a23a502dedc86acb0b5b6d60fcca63d1816fa05d117a8d4181afe100d7f84453015dd06d4fc1b0c7062c7b3148e13a96f19dda290d25480f', 'Brescia');
INSERT INTO users (typ, username, pass, provincia_appartenenza) VALUES ('ssp','ssp.milano@fake.gmail.com','10000:851e414b0ec4bda9:d6be77e4c1c79a9f7f875db0aac0f5303376d6552cfe6c4f80d00eb098033d056463c11747c9115ba35ba874ecc6cb9966d0f32237faf40172819e114e4b9c4b', 'Milano');
INSERT INTO users (typ, username, pass, provincia_appartenenza) VALUES ('ssp','ssp.roma@fake.gmail.com','10000:e468179f352bd422:daafb88048349c3af3af935ee99258dabc8034466411c2ad55b949cbab4e83983fb21a04a7419c7921b62995229056d372ca5f9d36e94fea93b9d5c6e2ce70e5', 'Roma');
INSERT INTO elenco_visite_possibili (praticante, nome, descrizione, costo_ticket) VALUES ('medico_specialista', 'Visita specialistica 1', 'Descrizione della visita specialistica 1', 50);
INSERT INTO elenco_visite_possibili (praticante, nome, descrizione, costo_ticket) VALUES ('medico_specialista', 'Visita specialistica 2', 'Descrizione della visita specialistica 2', 50);
INSERT INTO elenco_visite_possibili (praticante, nome, descrizione, costo_ticket) VALUES ('medico_specialista', 'Visita specialistica 3', 'Descrizione della visita specialistica 3', 50);
INSERT INTO elenco_visite_possibili (praticante, nome, descrizione, costo_ticket) VALUES ('medico_specialista', 'Visita specialistica 4', 'Descrizione della visita specialistica 4', 50);
INSERT INTO elenco_visite_possibili (praticante, nome, descrizione, costo_ticket) VALUES ('medico_specialista', 'Visita specialistica 5', 'Descrizione della visita specialistica 5', 50);
INSERT INTO elenco_visite_possibili (praticante, nome, descrizione, costo_ticket) VALUES ('ssp', 'Visita ssp 1', 'Descrizione della visita ssp 1', 11);
INSERT INTO elenco_visite_possibili (praticante, nome, descrizione, costo_ticket) VALUES ('ssp', 'Visita ssp 2', 'Descrizione della visita ssp 2', 11);
INSERT INTO elenco_visite_possibili (praticante, nome, descrizione, costo_ticket) VALUES ('ssp', 'Visita ssp 3', 'Descrizione della visita ssp 3', 11);
INSERT INTO elenco_visite_possibili (praticante, nome, descrizione, costo_ticket) VALUES ('ssp', 'Visita ssp 4', 'Descrizione della visita ssp 4', 11);
INSERT INTO elenco_visite_possibili (praticante, nome, descrizione, costo_ticket) VALUES ('ssp', 'Visita ssp 5', 'Descrizione della visita ssp 5', 11);
INSERT INTO users (typ, username, pass, nome, cognome, provincia_appartenenza) VALUES('paziente', 'christian.grasso@fake.gmail.com', '10000:9510bf1f6b3f99d4:9d812d7a64e5c122da0ceb28ad7c54769b5ed3d9f7aec52cf9feb983e6a306b55a8c0c8fdfd016fff6baec7010ee1fe6205b094ab8a12e19ddaaf47097900f30','Christian', 'Grasso', 'Brescia');
INSERT INTO paziente(id_user, data_nascita, luogo_nascita, codice_fiscale, sesso, foto, id_medico, email) VALUES('14', '1990-02-21', 'Milano', 'GRSCRS90B21F205O', 'M', '','1', 'christian.grasso@fake.gmail.com');
INSERT INTO users (typ, username, pass, nome, cognome, provincia_appartenenza) VALUES('paziente', 'ludovica.bianco@fake.gmail.com', '10000:1043ed2c526426fa:64e3c92888c4d73c8b2941a8ad82f977fa67a01323f0bdff14d63c3229fd651e245b47eb021fbed2bb3bc2b4b750c2bdd826d818b1951163e98885702eed183a','Ludovica', 'Bianco', 'Milano');
INSERT INTO paziente(id_user, data_nascita, luogo_nascita, codice_fiscale, sesso, foto, id_medico, email) VALUES('15', '1992-02-16', 'Brescia', 'BNCLVC92B56B157D', 'F', '','2', 'ludovica.bianco@fake.gmail.com');
INSERT INTO users (typ, username, pass, nome, cognome, provincia_appartenenza) VALUES('paziente', 'riccardo.valentini@fake.gmail.com', '10000:1941608698f23691:4d0901c27f633584b8a9e601241a6f926c778942fb9fcb0e5e5495dee7fc057ae7f03c06918f8e4ee5551d407895a632091af72a6c53503010aca577db103f12','Riccardo', 'Valentini', 'Brescia');
INSERT INTO paziente(id_user, data_nascita, luogo_nascita, codice_fiscale, sesso, foto, id_medico, email) VALUES('16', '1988-12-29', 'Brescia', 'VLNRCR88T29B157L', 'M', '','1', 'riccardo.valentini@fake.gmail.com');
INSERT INTO users (typ, username, pass, nome, cognome, provincia_appartenenza) VALUES('paziente', 'giuseppe.marini@fake.gmail.com', '10000:697d444a10ca353e:15034c3f63d0f1751950f0b4f73816e73122187f63c76f8fea0dfcae9a4c3ddf8bf4aca239d81421b98a9610ed835f5ef38939f68a8659bd9cf39fcb1b95158f','Giuseppe', 'Marini', 'Brescia');
INSERT INTO paziente(id_user, data_nascita, luogo_nascita, codice_fiscale, sesso, foto, id_medico, email) VALUES('17', '1979-03-22', 'Milano', 'MRNGPP79C22F205K', 'M', '','1', 'giuseppe.marini@fake.gmail.com');
INSERT INTO users (typ, username, pass, nome, cognome, provincia_appartenenza) VALUES('paziente', 'giorgia.parisi@fake.gmail.com', '10000:18bfb7e8acc269db:50a4d71f6f0e7d034b9cda9351e1d9c6a37663566b7896d8789b265acfdcf215d826003cfa705f021091765b90eda970807f79139c9d04b4f748bdcb82d3e3ac','Giorgia', 'Parisi', 'Milano');
INSERT INTO paziente(id_user, data_nascita, luogo_nascita, codice_fiscale, sesso, foto, id_medico, email) VALUES('18', '2000-09-10', 'Brescia', 'PRSGRG00P50B157H', 'F', '','2', 'giorgia.parisi@fake.gmail.com');
INSERT INTO users (typ, username, pass, nome, cognome, provincia_appartenenza) VALUES('paziente', 'andrea.rizzo@fake.gmail.com', '10000:859a38e3d1897ffe:aa48024567bf7d8cf0cbbaf008be3d586ced45701cfe66f82ffbbd4f405bd7d16781360d71def4267a12c618bc861763b8a5a8640245310a8da02224f1e480bb','Andrea', 'Rizzo', 'Brescia');
INSERT INTO paziente(id_user, data_nascita, luogo_nascita, codice_fiscale, sesso, foto, id_medico, email) VALUES('19', '1951-10-21', 'Milano', 'RZZNDR51R21F205K', 'M', '','1', 'andrea.rizzo@fake.gmail.com');
INSERT INTO users (typ, username, pass, nome, cognome, provincia_appartenenza) VALUES('paziente', 'ludovica.russo@fake.gmail.com', '10000:cb3f6752c328a030:263caa4e23b3b817d9f18e7d7a63b41e8cee911722820278265ea38cbce3767c62b2f49d3a5ff8fdb42f67961063dc95ce7bc1f5cbf7a753a629945fedf8889a','Ludovica', 'Russo', 'Brescia');
INSERT INTO paziente(id_user, data_nascita, luogo_nascita, codice_fiscale, sesso, foto, id_medico, email) VALUES('20', '1968-01-14', 'Brescia', 'RSSLVC68A54B157S', 'F', '','1', 'ludovica.russo@fake.gmail.com');
INSERT INTO users (typ, username, pass, nome, cognome, provincia_appartenenza) VALUES('paziente', 'gaia.marino@fake.gmail.com', '10000:e2653ba7a943f086:9c01d0c1b8002ef13e6455bd936bf22665cc2756bd23ed7f125f0e6658e52f9c4a7dc37e18c03c71ce73d3bd8b07ffe8567575157cedfef75f8ffcffc242ccfa','Gaia', 'Marino', 'Brescia');
INSERT INTO paziente(id_user, data_nascita, luogo_nascita, codice_fiscale, sesso, foto, id_medico, email) VALUES('21', '2008-05-05', 'Roma', 'MRNGAI08E45H501V', 'F', '','1', 'gaia.marino@fake.gmail.com');
INSERT INTO users (typ, username, pass, nome, cognome, provincia_appartenenza) VALUES('paziente', 'matteo.galli@fake.gmail.com', '10000:77dd22456f7c5864:246eb8649b14cb34c05a7b5bcb3d8208e7ad89fa1c3ad8855083f5f129704ef3ac5c656e6252f95cb8c048fd7c4e670c31976f36cc1adf8076b2508d4c6131a7','Matteo', 'Galli', 'Milano');
INSERT INTO paziente(id_user, data_nascita, luogo_nascita, codice_fiscale, sesso, foto, id_medico, email) VALUES('22', '1943-07-26', 'Brescia', 'GLLMTT43L26B157B', 'M', '','2', 'matteo.galli@fake.gmail.com');
INSERT INTO users (typ, username, pass, nome, cognome, provincia_appartenenza) VALUES('paziente', 'francesco.ferraro@fake.gmail.com', '10000:6415af5139cd3e38:715c11ad0f5dcf2ff31f5bb374d04a4cb72426aa423a170b51ede67903c6a57a084109ce549e179cd4e17aaba5122be086f93fb4aaecb80bab6e348fb76cf328','Francesco', 'Ferraro', 'Milano');
INSERT INTO paziente(id_user, data_nascita, luogo_nascita, codice_fiscale, sesso, foto, id_medico, email) VALUES('23', '1991-04-22', 'Roma', 'FRRFNC91D22H501R', 'M', '','2', 'francesco.ferraro@fake.gmail.com');
INSERT INTO users (typ, username, pass, nome, cognome, provincia_appartenenza) VALUES('paziente', 'roberta.rossi@fake.gmail.com', '10000:1cedd6a8dcae8737:1c4a7e3e1bf4bad4a4be2e98b802760c6a39dd593a5f006eca88d35e118fa7b02581653c3c765b7a38f25670d5ce2ae894d3b59f68081f58a3be3e6e72804712','Roberta', 'Rossi', 'Brescia');
INSERT INTO paziente(id_user, data_nascita, luogo_nascita, codice_fiscale, sesso, foto, id_medico, email) VALUES('24', '1953-09-05', 'Brescia', 'RSSRRT53P45B157L', 'F', '','1', 'roberta.rossi@fake.gmail.com');
INSERT INTO users (typ, username, pass, nome, cognome, provincia_appartenenza) VALUES('paziente', 'samuele.coppola@fake.gmail.com', '10000:43773f71da112210:5b6c23b0fe9ab335e8d9a6b6bf4d55b5822981f8e88b83b0f4ec6fe1bd9c6dcb636699bab99d051f1aee7b326d3169f5a949dbacca21d2fd7fd6a39f2acfd35b','Samuele', 'Coppola', 'Milano');
INSERT INTO paziente(id_user, data_nascita, luogo_nascita, codice_fiscale, sesso, foto, id_medico, email) VALUES('25', '1980-01-26', 'Roma', 'CPPSML80A26H501X', 'M', '','2', 'samuele.coppola@fake.gmail.com');
INSERT INTO users (typ, username, pass, nome, cognome, provincia_appartenenza) VALUES('paziente', 'andrea.caruso@fake.gmail.com', '10000:447ce532186968ec:1d1cd04e75fc8d5839f8258fa2694791bdd1aeb3c346af1eca5523e24e07dab78a01c768fcd2c612908054f45c8b1f7092aede2e18223667636e52ec00d35cc5','Andrea', 'Caruso', 'Milano');
INSERT INTO paziente(id_user, data_nascita, luogo_nascita, codice_fiscale, sesso, foto, id_medico, email) VALUES('26', '1936-02-07', 'Milano', 'CRSNDR36B07F205U', 'M', '','2', 'andrea.caruso@fake.gmail.com');
INSERT INTO users (typ, username, pass, nome, cognome, provincia_appartenenza) VALUES('paziente', 'beppe.costa@fake.gmail.com', '10000:f27893c914115020:edc2dc3ccd5d0403c5729bb4183c083ef90754426ed81d2d5338a21e3151d0f66518f684dd132567d04bc38167f7513226a134b7be1d8e5858d3e28ed317b6cf','Beppe', 'Costa', 'Milano');
INSERT INTO paziente(id_user, data_nascita, luogo_nascita, codice_fiscale, sesso, foto, id_medico, email) VALUES('27', '1957-01-11', 'Brescia', 'CSTBPP57A11B157X', 'M', '','2', 'beppe.costa@fake.gmail.com');
INSERT INTO users (typ, username, pass, nome, cognome, provincia_appartenenza) VALUES('paziente', 'diego.marino@fake.gmail.com', '10000:d254cc4660f8aee3:19b1cbd412794e283582026e2c152cb8ad87e786929a596e80848a5a0b6fcb27b70102818d03f0b551000a3a490b72cbf92edfb33e83c6c7e91134429ac32e47','Diego', 'Marino', 'Roma');
INSERT INTO paziente(id_user, data_nascita, luogo_nascita, codice_fiscale, sesso, foto, id_medico, email) VALUES('28', '2011-06-17', 'Milano', 'MRNDGI11H17F205K', 'M', '','3', 'diego.marino@fake.gmail.com');
INSERT INTO users (typ, username, pass, nome, cognome, provincia_appartenenza) VALUES('paziente', 'beatrice.grasso@fake.gmail.com', '10000:5547e83da4de0904:6ac1610077d50c52cb481a1b0a41d155d8e02fe519fb44d9ce9457c9328eb7ba96a4a1d99f084065ccf35e2788f8751bac30614dfbc5b9616324a1dec55b9f39','Beatrice', 'Grasso', 'Brescia');
INSERT INTO paziente(id_user, data_nascita, luogo_nascita, codice_fiscale, sesso, foto, id_medico, email) VALUES('29', '1929-02-22', 'Milano', 'GRSBRC29B62F205Z', 'F', '','4', 'beatrice.grasso@fake.gmail.com');
INSERT INTO users (typ, username, pass, nome, cognome, provincia_appartenenza) VALUES('paziente', 'davide.moretti@fake.gmail.com', '10000:1a926c861b57f14b:c636322cb77800c909c8e0ef7c7a5aebc8747bae0a46ef984cbf1e42ca91b3d623e6cc91cb3b00a8881af279b333980c210051df61f3ddad5812c864e13532ed','Davide', 'Moretti', 'Milano');
INSERT INTO paziente(id_user, data_nascita, luogo_nascita, codice_fiscale, sesso, foto, id_medico, email) VALUES('30', '1926-02-19', 'Roma', 'MRTDVD26B19H501O', 'M', '','2', 'davide.moretti@fake.gmail.com');
INSERT INTO users (typ, username, pass, nome, cognome, provincia_appartenenza) VALUES('paziente', 'giovanna.barbieri@fake.gmail.com', '10000:2fd7867b0cd4a659:ac112514c2e1de95b8f933e555792549a2d32d30c1d7db84333f2af3be4f4ca50d0a3c06e5be4fbcb8f417cc1c4bd6d20f0014b19d0aa25dad2a14c57df99304','Giovanna', 'Barbieri', 'Roma');
INSERT INTO paziente(id_user, data_nascita, luogo_nascita, codice_fiscale, sesso, foto, id_medico, email) VALUES('31', '1954-12-09', 'Roma', 'BRBGNN54T49H501C', 'F', '','3', 'giovanna.barbieri@fake.gmail.com');
INSERT INTO users (typ, username, pass, nome, cognome, provincia_appartenenza) VALUES('paziente', 'matteo.mancini@fake.gmail.com', '10000:1fbcbd4e303ba241:007ea65712a430bcd0903e33bac390771f171795898f507939cb64573d79c3a5cc2fbcf5cbceb328c2a8f8d83aaf37ddd843cc3f94ecd92ef25f4b624c284d9d','Matteo', 'Mancini', 'Roma');
INSERT INTO paziente(id_user, data_nascita, luogo_nascita, codice_fiscale, sesso, foto, id_medico, email) VALUES('32', '1940-12-18', 'Brescia', 'MNCMTT40T18B157R', 'M', '','3', 'matteo.mancini@fake.gmail.com');
INSERT INTO users (typ, username, pass, nome, cognome, provincia_appartenenza) VALUES('paziente', 'nicolo.lombardi@fake.gmail.com', '10000:66ec7e0825b0f810:b25645004a113798af0c36dfab482b0fdbc05861d2753858194c35658c7593a73782effc383d5741bc3726898c1371397c332386699f21833e48f3446594e83f','Nicolo', 'Lombardi', 'Roma');
INSERT INTO paziente(id_user, data_nascita, luogo_nascita, codice_fiscale, sesso, foto, id_medico, email) VALUES('33', '1958-09-05', 'Roma', 'LMBNCL58P05H501Y', 'M', '','3', 'nicolo.lombardi@fake.gmail.com');
INSERT INTO users (typ, username, pass, nome, cognome, provincia_appartenenza) VALUES('paziente', 'aurora.mariani@fake.gmail.com', '10000:d7356a1e5f56a66a:5c75bac7c013ad8f3699587bb0bceab6298cba1b7af6d45e54b7605a3bf7c016a6ea2465d2597a6fff14031b59576c4beadf7a7179331d99f061108f0a7fdfbe','Aurora', 'Mariani', 'Brescia');
INSERT INTO paziente(id_user, data_nascita, luogo_nascita, codice_fiscale, sesso, foto, id_medico, email) VALUES('34', '1949-06-02', 'Roma', 'MRNRRA49H42H501O', 'F', '','1', 'aurora.mariani@fake.gmail.com');
INSERT INTO users (typ, username, pass, nome, cognome, provincia_appartenenza) VALUES('paziente', 'noemi.longo@fake.gmail.com', '10000:477faf3f627c96ca:47b24f2db53adacb027592ca2a23ff8bb229ea6b6a75b9a73003ac666e0b7a43bea98eb5eab8bfb50c0ea6458572cadad11d4343decab8700ca43b91674926c5','Noemi', 'Longo', 'Brescia');
INSERT INTO paziente(id_user, data_nascita, luogo_nascita, codice_fiscale, sesso, foto, id_medico, email) VALUES('35', '1930-11-15', 'Milano', 'LNGNMO30S55F205H', 'F', '','4', 'noemi.longo@fake.gmail.com');
INSERT INTO users (typ, username, pass, nome, cognome, provincia_appartenenza) VALUES('paziente', 'aurelio.barbieri@fake.gmail.com', '10000:9218b7510522185b:266d398a69eb97c33367be41ea8f690becbe5baae153dad31a2215ddce69af96499c0cd971e23cc28be7af45b47d63ebef5dc874420c9f3edec1ad549edef449','Aurelio', 'Barbieri', 'Milano');
INSERT INTO paziente(id_user, data_nascita, luogo_nascita, codice_fiscale, sesso, foto, id_medico, email) VALUES('36', '1941-08-10', 'Brescia', 'BRBRLA41M10B157N', 'M', '','2', 'aurelio.barbieri@fake.gmail.com');
INSERT INTO users (typ, username, pass, nome, cognome, provincia_appartenenza) VALUES('paziente', 'lorenzo.ferri@fake.gmail.com', '10000:10920f986546d59e:0322197dd18b68d097ebde27d75cae39a32f3e88ade486d2806bff0f0780d46785c836696686623c2ce2771b2e07e542bdda52d6cbd5734424a164e4c8c16ffd','Lorenzo', 'Ferri', 'Roma');
INSERT INTO paziente(id_user, data_nascita, luogo_nascita, codice_fiscale, sesso, foto, id_medico, email) VALUES('37', '2003-01-15', 'Milano', 'FRRLNZ03A15F205G', 'M', '','3', 'lorenzo.ferri@fake.gmail.com');
INSERT INTO users (typ, username, pass, nome, cognome, provincia_appartenenza) VALUES('paziente', 'marco.desantis@fake.gmail.com', '10000:5556fb87197d684d:de0d18f9e2230dccf0830566806afec4b231285c527acd7da8ead1573865ffde1c8bf47b585f574ec4fa3902170cf8844fa83243f465c36bbf2409f6b1718410','Marco', 'De Santis', 'Milano');
INSERT INTO paziente(id_user, data_nascita, luogo_nascita, codice_fiscale, sesso, foto, id_medico, email) VALUES('38', '1994-01-28', 'Roma', 'DSNMRC94A28H501E', 'M', '','2', 'marco.desantis@fake.gmail.com');
INSERT INTO users (typ, username, pass, nome, cognome, provincia_appartenenza) VALUES('paziente', 'diego.russo@fake.gmail.com', '10000:b7495e5e3c911c2f:88a478f1eb9ebc67b2e255404ca142cf87aaab905e014f6b1ecc33ef5aa10570957072725a181e364e623932cf4de97c80d636c0b7bb25c6d8bbed97b7072617','Diego', 'Russo', 'Brescia');
INSERT INTO paziente(id_user, data_nascita, luogo_nascita, codice_fiscale, sesso, foto, id_medico, email) VALUES('39', '1958-12-20', 'Roma', 'RSSDGI58T20H501S', 'M', '','1', 'diego.russo@fake.gmail.com');
INSERT INTO users (typ, username, pass, nome, cognome, provincia_appartenenza) VALUES('paziente', 'beppe.mariani@fake.gmail.com', '10000:5b8db499728dcb3d:122543b275736184074f173c6fec18dde2ce5b89bde18449a2b2a0521eed3085c803fc11857100bb10084faa747acb8da9fd19d0de98667686d7fe51093dc1a4','Beppe', 'Mariani', 'Roma');
INSERT INTO paziente(id_user, data_nascita, luogo_nascita, codice_fiscale, sesso, foto, id_medico, email) VALUES('40', '1988-12-12', 'Roma', 'MRNBPP88T12H501L', 'M', '','3', 'beppe.mariani@fake.gmail.com');
INSERT INTO users (typ, username, pass, nome, cognome, provincia_appartenenza) VALUES('paziente', 'alessandro.serra@fake.gmail.com', '10000:1d50b497f0c286c7:1795bc7e1fa31ab057678f049d1fb12528dbbc3a08c50d8425fd6939a09cbdb65b4ae0e9ad1029513cc7399e3cecff3b491eff1bc9f696d13b20dae571286c81','Alessandro', 'Serra', 'Roma');
INSERT INTO paziente(id_user, data_nascita, luogo_nascita, codice_fiscale, sesso, foto, id_medico, email) VALUES('41', '1922-02-24', 'Roma', 'SRRLSN22B24H501H', 'M', '','3', 'alessandro.serra@fake.gmail.com');
INSERT INTO users (typ, username, pass, nome, cognome, provincia_appartenenza) VALUES('paziente', 'christian.lombardi@fake.gmail.com', '10000:050836dce00e8048:4d42516d13c70a0cd10b3687a1f47bff90cf1a183ea05cb712714318a4115494c95071b59b1b2eddf713c221fe468b9efdf118e0fecbc5db810a06ba28a70fd6','Christian', 'Lombardi', 'Roma');
INSERT INTO paziente(id_user, data_nascita, luogo_nascita, codice_fiscale, sesso, foto, id_medico, email) VALUES('42', '1938-01-23', 'Milano', 'LMBCRS38A23F205O', 'M', '','3', 'christian.lombardi@fake.gmail.com');
INSERT INTO users (typ, username, pass, nome, cognome, provincia_appartenenza) VALUES('paziente', 'alessandro.greco@fake.gmail.com', '10000:eddfb016db943b40:422bfb8632d2d78ea50951670364882704ddacd0354411b739fda66efc929abacd342b547a501a963c37cf3abf3278d40f6da64beffae8c292ff400ee1ab519b','Alessandro', 'Greco', 'Brescia');
INSERT INTO paziente(id_user, data_nascita, luogo_nascita, codice_fiscale, sesso, foto, id_medico, email) VALUES('43', '1952-10-09', 'Brescia', 'GRCLSN52R09B157K', 'M', '','1', 'alessandro.greco@fake.gmail.com');
INSERT INTO users (typ, username, pass, nome, cognome, provincia_appartenenza) VALUES('paziente', 'anna.lombardi@fake.gmail.com', '10000:cce12dd82f70cf2f:2e825e847db3e3bfea7c414cac4d8c688bb61436a81ff993d9b77a823b85d85f2739992e88029cfdd25879b8f3d041b451e75b1f1cab42930858d25cfff512c9','Anna', 'Lombardi', 'Brescia');
INSERT INTO paziente(id_user, data_nascita, luogo_nascita, codice_fiscale, sesso, foto, id_medico, email) VALUES('44', '1934-01-16', 'Brescia', 'LMBNNA34A56B157A', 'F', '','4', 'anna.lombardi@fake.gmail.com');
INSERT INTO users (typ, username, pass, nome, cognome, provincia_appartenenza) VALUES('paziente', 'alessia.bianchi@fake.gmail.com', '10000:40326bccf3b78d38:f447464a40874c813c36326ac6bbde37f0e91f969491f1ed662922056e9c3f03250c1feafbc384c31d986c54f56865f33ec52ab8e95a690d38e4cde208a67a03','Alessia', 'Bianchi', 'Brescia');
INSERT INTO paziente(id_user, data_nascita, luogo_nascita, codice_fiscale, sesso, foto, id_medico, email) VALUES('45', '1921-05-14', 'Roma', 'BNCLSS21E54H501E', 'F', '','4', 'alessia.bianchi@fake.gmail.com');
INSERT INTO users (typ, username, pass, nome, cognome, provincia_appartenenza) VALUES('paziente', 'chiara.ferrara@fake.gmail.com', '10000:bd9c348b4af46a13:15ac5cd21a8b3a3c6a4b7a3746dc09c279abcd8970cf8745536e815a561305480609915876c5d76cc0cda67ca2809f68c2ed318810d67ba5971801f169865dd2','Chiara', 'Ferrara', 'Brescia');
INSERT INTO paziente(id_user, data_nascita, luogo_nascita, codice_fiscale, sesso, foto, id_medico, email) VALUES('46', '1927-07-12', 'Roma', 'FRRCHR27L52H501Q', 'F', '','4', 'chiara.ferrara@fake.gmail.com');
INSERT INTO users (typ, username, pass, nome, cognome, provincia_appartenenza) VALUES('paziente', 'chiara.gallo@fake.gmail.com', '10000:e469625f35981fbd:105652d147239be54607db41ca12fc072387c5a83f5f4b54d811bec1d64f88223b7f48670bed3cf4f7cd741495770cc9aabef2234d74ea0d73cdb028b2709bd6','Chiara', 'Gallo', 'Brescia');
INSERT INTO paziente(id_user, data_nascita, luogo_nascita, codice_fiscale, sesso, foto, id_medico, email) VALUES('47', '1983-12-29', 'Milano', 'GLLCHR83T69F205W', 'F', '','4', 'chiara.gallo@fake.gmail.com');
INSERT INTO users (typ, username, pass, nome, cognome, provincia_appartenenza) VALUES('paziente', 'roberta.marino@fake.gmail.com', '10000:17178948ec90ed5a:4c1c56425789410c570544c3e1f41434de7806209cf9135233f76400e99bd3eefab41536511d7bc78d796f2a94a4bd5c7175fbf75ab8de7a4d141bf79ba6db2d','Roberta', 'Marino', 'Brescia');
INSERT INTO paziente(id_user, data_nascita, luogo_nascita, codice_fiscale, sesso, foto, id_medico, email) VALUES('48', '1938-02-03', 'Brescia', 'MRNRRT38B43B157S', 'F', '','4', 'roberta.marino@fake.gmail.com');
INSERT INTO users (typ, username, pass, nome, cognome, provincia_appartenenza) VALUES('paziente', 'greta.moretti@fake.gmail.com', '10000:acca76d73f459ff9:f3123b068aab97fcc1b1189de267af4b548a3bb749111970084ec96774ead2dbb0ae9fe8b439bd183a8f3a32ffa81f26ff7a0804b0a54215a4f5582efdef7696','Greta', 'Moretti', 'Roma');
INSERT INTO paziente(id_user, data_nascita, luogo_nascita, codice_fiscale, sesso, foto, id_medico, email) VALUES('49', '1943-08-22', 'Milano', 'MRTGRT43M62F205Q', 'F', '','3', 'greta.moretti@fake.gmail.com');
INSERT INTO users (typ, username, pass, nome, cognome, provincia_appartenenza) VALUES('paziente', 'noemi.marini@fake.gmail.com', '10000:fae8d5483e233510:2c1057036129c76866edd9f7b0b4ee85a28e52cd294d23f6eee39f7979bd40fbb4e4865c6160ea9d08c7581e2664e68da8f033d1570ee42c92590e3785e56b33','Noemi', 'Marini', 'Milano');
INSERT INTO paziente(id_user, data_nascita, luogo_nascita, codice_fiscale, sesso, foto, id_medico, email) VALUES('50', '1947-02-22', 'Roma', 'MRNNMO47B62H501R', 'F', '','5', 'noemi.marini@fake.gmail.com');
INSERT INTO users (typ, username, pass, nome, cognome, provincia_appartenenza) VALUES('paziente', 'riccardo.serra@fake.gmail.com', '10000:26290c0b8bc8e3a9:a4e857a24c71b22f645543a0368d29e920e9faaebcbb3b59647d4f262f599a3cdc2de3407098d612b5e3a5cd69ee762e04ad8d89e3c2be2d06b59c4b2c45f899','Riccardo', 'Serra', 'Brescia');
INSERT INTO paziente(id_user, data_nascita, luogo_nascita, codice_fiscale, sesso, foto, id_medico, email) VALUES('51', '1962-03-25', 'Roma', 'SRRRCR62C25H501D', 'M', '','4', 'riccardo.serra@fake.gmail.com');
INSERT INTO users (typ, username, pass, nome, cognome, provincia_appartenenza) VALUES('paziente', 'michela.longo@fake.gmail.com', '10000:61ede6bf3f8b414d:941d4e12fb47a08661f337e87ac7bf4426f2a380fe99226f745489aac1168a4438d9c5cb53a8c80cbd63cb4bc081d5cc70b1eba37e93cd6513933b255c909505','Michela', 'Longo', 'Milano');
INSERT INTO paziente(id_user, data_nascita, luogo_nascita, codice_fiscale, sesso, foto, id_medico, email) VALUES('52', '1997-12-16', 'Milano', 'LNGMHL97T56F205B', 'F', '','5', 'michela.longo@fake.gmail.com');
INSERT INTO users (typ, username, pass, nome, cognome, provincia_appartenenza) VALUES('paziente', 'tommaso.ferri@fake.gmail.com', '10000:08cc36ed38ee7c4e:cb630dc62df945fbf572e8b8ef3f4223a24f74b4bc998e6c5812de929cf2bc7e3cd5ced66aa61be9c6aaf7ceda0fc2462549301fdd64d5fdd23dd5110acef6e2','Tommaso', 'Ferri', 'Brescia');
INSERT INTO paziente(id_user, data_nascita, luogo_nascita, codice_fiscale, sesso, foto, id_medico, email) VALUES('53', '1956-07-21', 'Brescia', 'FRRTMS56L21B157L', 'M', '','4', 'tommaso.ferri@fake.gmail.com');
INSERT INTO users (typ, username, pass, nome, cognome, provincia_appartenenza) VALUES('paziente', 'ginevra.galli@fake.gmail.com', '10000:4ba777c30309f829:5f3cb6ea0ddaedd898a9e070240a6f02c6100127944d9b307f8301290b9d7124c105d612db8066783ffa583d06b9848bf16558d295126b5b05c970858debb8dc','Ginevra', 'Galli', 'Milano');
INSERT INTO paziente(id_user, data_nascita, luogo_nascita, codice_fiscale, sesso, foto, id_medico, email) VALUES('54', '1949-12-01', 'Milano', 'GLLGVR49T41F205S', 'F', '','5', 'ginevra.galli@fake.gmail.com');
INSERT INTO users (typ, username, pass, nome, cognome, provincia_appartenenza) VALUES('paziente', 'nicola.fabbri@fake.gmail.com', '10000:44e74f391179907e:e95693ebf4d174dbbab0b5e7bdd16a911fda65beef6bd7983e2bea8f894b72a5e35ff59f6d334aab23a0b8fd6e1743ded98ab6528fc6f76b562ae1a1627fb393','Nicola', 'Fabbri', 'Milano');
INSERT INTO paziente(id_user, data_nascita, luogo_nascita, codice_fiscale, sesso, foto, id_medico, email) VALUES('55', '1998-02-05', 'Roma', 'FBBNCL98B05H501B', 'M', '','5', 'nicola.fabbri@fake.gmail.com');
INSERT INTO users (typ, username, pass, nome, cognome, provincia_appartenenza) VALUES('paziente', 'roberta.marino@fake.gmail.com', '10000:ec9e415c76250233:91952380575f0d6fdeb119f8199b8f34201c6090db679c48935bbbdc014334815663998d139a8a661ee72827b9d6d512c46500b89f2af06bd712061b8ee4f66d','Roberta', 'Marino', 'Brescia');
INSERT INTO paziente(id_user, data_nascita, luogo_nascita, codice_fiscale, sesso, foto, id_medico, email) VALUES('56', '1959-06-05', 'Brescia', 'MRNRRT59H45B157W', 'F', '','4', 'roberta.marino@fake.gmail.com');
INSERT INTO users (typ, username, pass, nome, cognome, provincia_appartenenza) VALUES('paziente', 'christian.desantis@fake.gmail.com', '10000:65d6217eb9eab7af:5f9bb628a66a71c558d60b8b548034d36f292864a56c15e42d1d1ab252d8e95aa7428d9be580388085ad43848c57d6a1415fd51f336d76ac9b60197ea984daa2','Christian', 'De Santis', 'Milano');
INSERT INTO paziente(id_user, data_nascita, luogo_nascita, codice_fiscale, sesso, foto, id_medico, email) VALUES('57', '1944-04-02', 'Milano', 'DSNCRS44D02F205R', 'M', '','5', 'christian.desantis@fake.gmail.com');
INSERT INTO users (typ, username, pass, nome, cognome, provincia_appartenenza) VALUES('paziente', 'greta.valentini@fake.gmail.com', '10000:42cbac2afc55ba6c:5cc112b1036343fc3f5bebf8673520939b7d9e33e758ef27dcfc6d0debc7e6270a0b041f9d4ee3438afea6039167c03ee1531e0fcd909073732153f1525fa5cb','Greta', 'Valentini', 'Milano');
INSERT INTO paziente(id_user, data_nascita, luogo_nascita, codice_fiscale, sesso, foto, id_medico, email) VALUES('58', '1947-03-31', 'Brescia', 'VLNGRT47C71B157V', 'F', '','5', 'greta.valentini@fake.gmail.com');
INSERT INTO users (typ, username, pass, nome, cognome, provincia_appartenenza) VALUES('paziente', 'giovanni.bruno@fake.gmail.com', '10000:5cd4398deab1f17f:2998df80fac6d9d4d32da4dfb4fef2d1e426738fd42cbc9b9937b4a2ba5f5d0feeb065172b1ec0af9d94b1aca6274dbd62e3d247080b4121bb1dd7da339e8fb9','Giovanni', 'Bruno', 'Roma');
INSERT INTO paziente(id_user, data_nascita, luogo_nascita, codice_fiscale, sesso, foto, id_medico, email) VALUES('59', '1957-01-15', 'Brescia', 'BRNGNN57A15B157E', 'M', '','3', 'giovanni.bruno@fake.gmail.com');
INSERT INTO users (typ, username, pass, nome, cognome, provincia_appartenenza) VALUES('paziente', 'leonardo.desantis@fake.gmail.com', '10000:89231d655d70ae3e:11045b013e3c4fb8b71c82bc6b24de24cc1fe392692a30ac04720ef3335075c40bb5d6c0274b81536a5923698a968ed9234a8fdfd9430eb982936f8beac20477','Leonardo', 'De Santis', 'Milano');
INSERT INTO paziente(id_user, data_nascita, luogo_nascita, codice_fiscale, sesso, foto, id_medico, email) VALUES('60', '1930-07-19', 'Roma', 'DSNLRD30L19H501Q', 'M', '','5', 'leonardo.desantis@fake.gmail.com');
INSERT INTO users (typ, username, pass, nome, cognome, provincia_appartenenza) VALUES('paziente', 'francesco.lombardo@fake.gmail.com', '10000:3402b4f0c63e1bbf:0c2f01857790a7a73e21bb0da1c3708f11ff43b0025cf16e8d54d8d23c8fb96a5e120a1eaca29c335fb348f38ebf59e33240be59aee030ad62c32cb294f38de9','Francesco', 'Lombardo', 'Milano');
INSERT INTO paziente(id_user, data_nascita, luogo_nascita, codice_fiscale, sesso, foto, id_medico, email) VALUES('61', '1960-10-25', 'Brescia', 'LMBFNC60R25B157A', 'M', '','5', 'francesco.lombardo@fake.gmail.com');
INSERT INTO users (typ, username, pass, nome, cognome, provincia_appartenenza) VALUES('paziente', 'leonardo.moretti@fake.gmail.com', '10000:f36bb5574770a2d4:a5af1387dd61b285a435d5fb6e70cd535f5a67bbbcd411ec4f1b3bfe4176f25b2361cb6dad3e12d650fa7254de3b733d818b23b63024d8757656077181bfcbb1','Leonardo', 'Moretti', 'Milano');
INSERT INTO paziente(id_user, data_nascita, luogo_nascita, codice_fiscale, sesso, foto, id_medico, email) VALUES('62', '1924-08-26', 'Roma', 'MRTLRD24M26H501F', 'M', '','5', 'leonardo.moretti@fake.gmail.com');
INSERT INTO users (typ, username, pass, nome, cognome, provincia_appartenenza) VALUES('paziente', 'emma.marchetti@fake.gmail.com', '10000:ca106b72487abead:e94ca75caf67b9f876911c0895369d95f0af426d5544fc19190f57edf3f00d76b698f6c0ce595d9b979e7f3cc5aea8149156a46afe07657aa74dfe816dc827df','Emma', 'Marchetti', 'Milano');
INSERT INTO paziente(id_user, data_nascita, luogo_nascita, codice_fiscale, sesso, foto, id_medico, email) VALUES('63', '1930-07-21', 'Roma', 'MRCMME30L61H501H', 'F', '','5', 'emma.marchetti@fake.gmail.com');


INSERT INTO ricetta (farmaco,prescritta) VALUES ('Omeprazen','True');
INSERT INTO ricetta (farmaco,prescritta) VALUES ('Omeprazen','True');
INSERT INTO ricetta (farmaco,prescritta) VALUES ('Moment','True');
INSERT INTO ricetta (farmaco,prescritta) VALUES ('Imodium','True');
INSERT INTO ricetta (farmaco,prescritta) VALUES ('Eutirox','True');
INSERT INTO ricetta (farmaco,prescritta) VALUES ('Triatec','True');
INSERT INTO ricetta (farmaco,prescritta) VALUES ('Omeprazen','True');
INSERT INTO ricetta (farmaco,prescritta) VALUES ('Triatec','True');
INSERT INTO ricetta (farmaco,prescritta) VALUES ('Tachipirina','True');
INSERT INTO ricetta (farmaco,prescritta) VALUES ('Eutirox','True');
INSERT INTO ricetta (farmaco,prescritta) VALUES ('Moment','True');
INSERT INTO ricetta (farmaco,prescritta) VALUES ('Dibase','True');
INSERT INTO ricetta (farmaco,prescritta) VALUES ('Triatec','True');
INSERT INTO ricetta (farmaco,prescritta) VALUES ('Moment','True');
INSERT INTO ricetta (farmaco,prescritta) VALUES ('Moment','True');
INSERT INTO ricetta (farmaco,prescritta) VALUES ('Eutirox','True');
INSERT INTO ricetta (farmaco,prescritta) VALUES ('Cardioaspirin','True');
INSERT INTO ricetta (farmaco,prescritta) VALUES ('Cardioaspirin','True');
INSERT INTO ricetta (farmaco,prescritta) VALUES ('Imodium','True');
INSERT INTO ricetta (farmaco,prescritta) VALUES ('Omeprazen','True');

INSERT INTO visita_base (id_medico,id_paziente,data_erogazione) VALUES (2,31,'2020-05-15');
INSERT INTO visita_specialistica (id_visita,erogata,data_prescrizione,id_medico,id_paziente,id_medico_base) VALUES (6,False,'2021-07-07',10,14,2);
INSERT INTO visita_base (id_medico,id_paziente,data_erogazione) VALUES (4,29,'2021-01-13');
INSERT INTO visita_specialistica (id_visita,erogata,data_prescrizione,id_medico,id_paziente,id_medico_base) VALUES (5,False,'2020-01-03',6,35,4);
INSERT INTO visita_base (id_medico,id_paziente,data_erogazione) VALUES (2,59,'2021-07-23');
INSERT INTO visita_specialistica (id_visita,erogata,data_prescrizione,id_medico,id_paziente,id_medico_base) VALUES (8,False,'2020-12-31',7,34,2);
INSERT INTO visita_base (id_medico,id_paziente,data_erogazione) VALUES (3,29,'2021-01-31');
INSERT INTO visita_specialistica (id_visita,erogata,data_prescrizione,id_medico,id_paziente,id_medico_base) VALUES (5,False,'2021-08-25',9,40,3);
INSERT INTO visita_base (id_medico,id_paziente,data_erogazione) VALUES (4,32,'2021-03-14');
INSERT INTO visita_specialistica (id_visita,erogata,data_prescrizione,id_medico,id_paziente,id_medico_base) VALUES (8,False,'2021-10-05',7,51,4);
INSERT INTO visita_base (id_medico,id_paziente,data_erogazione) VALUES (5,17,'2021-09-05');
INSERT INTO visita_specialistica (id_visita,erogata,data_prescrizione,id_medico,id_paziente,id_medico_base) VALUES (6,False,'2020-01-10',7,56,5);
INSERT INTO visita_base (id_medico,id_paziente,data_erogazione) VALUES (3,18,'2020-07-08');
INSERT INTO visita_specialistica (id_visita,erogata,data_prescrizione,id_medico,id_paziente,id_medico_base) VALUES (10,False,'2021-03-12',9,31,3);
INSERT INTO visita_base (id_medico,id_paziente,data_erogazione) VALUES (2,37,'2020-06-06');
INSERT INTO visita_specialistica (id_visita,erogata,data_prescrizione,id_medico,id_paziente,id_medico_base) VALUES (3,False,'2021-05-23',9,15,2);
INSERT INTO visita_base (id_medico,id_paziente,data_erogazione) VALUES (3,55,'2021-12-26');
INSERT INTO visita_specialistica (id_visita,erogata,data_prescrizione,id_medico,id_paziente,id_medico_base) VALUES (8,False,'2020-05-31',9,62,3);
INSERT INTO visita_base (id_medico,id_paziente,data_erogazione) VALUES (2,16,'2020-05-21');
INSERT INTO visita_specialistica (id_visita,erogata,data_prescrizione,id_medico,id_paziente,id_medico_base) VALUES (9,False,'2020-05-27',6,48,2);
INSERT INTO visita_base (id_medico,id_paziente,data_erogazione) VALUES (3,49,'2020-02-21');
INSERT INTO visita_specialistica (id_visita,erogata,data_prescrizione,id_medico,id_paziente,id_medico_base) VALUES (9,False,'2021-04-30',7,46,3);
INSERT INTO visita_base (id_medico,id_paziente,data_erogazione) VALUES (1,51,'2021-06-21');
INSERT INTO visita_specialistica (id_visita,erogata,data_prescrizione,id_medico,id_paziente,id_medico_base) VALUES (6,False,'2020-12-30',7,36,1);
INSERT INTO visita_base (id_medico,id_paziente,data_erogazione) VALUES (1,14,'2021-05-01');
INSERT INTO visita_specialistica (id_visita,erogata,data_prescrizione,id_medico,id_paziente,id_medico_base) VALUES (9,False,'2020-02-22',8,47,1);
INSERT INTO visita_base (id_medico,id_paziente,data_erogazione) VALUES (1,45,'2021-05-02');
INSERT INTO visita_specialistica (id_visita,erogata,data_prescrizione,id_medico,id_paziente,id_medico_base) VALUES (2,False,'2021-10-24',10,61,1);
INSERT INTO visita_base (id_medico,id_paziente,data_erogazione) VALUES (3,35,'2020-02-04');
INSERT INTO visita_specialistica (id_visita,erogata,data_prescrizione,id_medico,id_paziente,id_medico_base) VALUES (4,False,'2020-05-05',9,21,3);
INSERT INTO visita_base (id_medico,id_paziente,data_erogazione) VALUES (4,53,'2020-11-09');
INSERT INTO visita_specialistica (id_visita,erogata,data_prescrizione,id_medico,id_paziente,id_medico_base) VALUES (7,False,'2020-03-17',7,32,4);
INSERT INTO visita_base (id_medico,id_paziente,data_erogazione) VALUES (5,27,'2020-04-25');
INSERT INTO visita_specialistica (id_visita,erogata,data_prescrizione,id_medico,id_paziente,id_medico_base) VALUES (8,False,'2021-03-15',10,37,5);
INSERT INTO visita_base (id_medico,id_paziente,data_erogazione) VALUES (3,51,'2021-09-30');
INSERT INTO visita_specialistica (id_visita,erogata,data_prescrizione,id_medico,id_paziente,id_medico_base) VALUES (3,False,'2020-12-24',8,41,3);
INSERT INTO visita_base (id_medico,id_paziente,data_erogazione) VALUES (5,48,'2021-07-05');
INSERT INTO visita_specialistica (id_visita,erogata,data_prescrizione,id_medico,id_paziente,id_medico_base) VALUES (5,False,'2020-12-16',8,14,5);
INSERT INTO visita_base (id_medico,id_paziente,data_erogazione) VALUES (5,19,'2020-12-26');
INSERT INTO visita_specialistica (id_visita,erogata,data_prescrizione,id_medico,id_paziente,id_medico_base) VALUES (4,False,'2021-07-31',10,27,5);
INSERT INTO visita_base (id_medico,id_paziente,data_erogazione) VALUES (3,45,'2020-10-23');
INSERT INTO visita_specialistica (id_visita,erogata,data_prescrizione,id_medico,id_paziente,id_medico_base) VALUES (10,False,'2021-08-02',8,34,3);
INSERT INTO visita_base (id_medico,id_paziente,data_erogazione) VALUES (2,31,'2021-09-02');
INSERT INTO visita_specialistica (id_visita,erogata,data_prescrizione,id_medico,id_paziente,id_medico_base) VALUES (5,False,'2020-04-12',7,33,2);
INSERT INTO visita_base (id_medico,id_paziente,data_erogazione) VALUES (2,20,'2020-03-09');
INSERT INTO visita_specialistica (id_visita,erogata,data_prescrizione,id_medico,id_paziente,id_medico_base) VALUES (10,False,'2021-04-25',7,22,2);
INSERT INTO visita_base (id_medico,id_paziente,data_erogazione) VALUES (5,19,'2020-01-17');
INSERT INTO visita_specialistica (id_visita,erogata,data_prescrizione,id_medico,id_paziente,id_medico_base) VALUES (3,False,'2021-10-12',6,29,5);
INSERT INTO visita_base (id_medico,id_paziente,data_erogazione) VALUES (5,23,'2020-11-05');
INSERT INTO visita_specialistica (id_visita,erogata,data_prescrizione,id_medico,id_paziente,id_medico_base) VALUES (7,False,'2020-08-21',9,16,5);
INSERT INTO visita_base (id_medico,id_paziente,data_erogazione) VALUES (1,58,'2020-02-05');
INSERT INTO visita_specialistica (id_visita,erogata,data_prescrizione,id_medico,id_paziente,id_medico_base) VALUES (5,False,'2020-08-29',8,59,1);
INSERT INTO visita_base (id_medico,id_paziente,data_erogazione) VALUES (4,55,'2020-03-03');
INSERT INTO visita_specialistica (id_visita,erogata,data_prescrizione,id_medico,id_paziente,id_medico_base) VALUES (2,False,'2021-04-03',8,37,4);
INSERT INTO visita_base (id_medico,id_paziente,data_erogazione) VALUES (1,21,'2020-03-12');
INSERT INTO visita_specialistica (id_visita,erogata,data_prescrizione,id_medico,id_paziente,id_medico_base) VALUES (3,False,'2020-03-14',6,25,1);
INSERT INTO visita_base (id_medico,id_paziente,data_erogazione) VALUES (1,34,'2020-04-14');
INSERT INTO visita_specialistica (id_visita,erogata,data_prescrizione,id_medico,id_paziente,id_medico_base) VALUES (8,False,'2021-09-08',7,62,1);
INSERT INTO visita_base (id_medico,id_paziente,data_erogazione) VALUES (2,55,'2020-06-24');
INSERT INTO visita_specialistica (id_visita,erogata,data_prescrizione,id_medico,id_paziente,id_medico_base) VALUES (6,False,'2021-02-09',6,29,2);
INSERT INTO visita_base (id_medico,id_paziente,data_erogazione) VALUES (2,53,'2021-02-28');
INSERT INTO visita_specialistica (id_visita,erogata,data_prescrizione,id_medico,id_paziente,id_medico_base) VALUES (2,False,'2020-09-25',10,59,2);
INSERT INTO visita_base (id_medico,id_paziente,data_erogazione) VALUES (1,23,'2021-11-24');
INSERT INTO visita_specialistica (id_visita,erogata,data_prescrizione,id_medico,id_paziente,id_medico_base) VALUES (8,False,'2020-06-24',9,34,1);
INSERT INTO visita_base (id_medico,id_paziente,data_erogazione) VALUES (2,16,'2020-10-31');
INSERT INTO visita_specialistica (id_visita,erogata,data_prescrizione,id_medico,id_paziente,id_medico_base) VALUES (9,False,'2021-12-17',6,40,2);
INSERT INTO visita_base (id_medico,id_paziente,data_erogazione) VALUES (1,27,'2020-02-18');
INSERT INTO visita_specialistica (id_visita,erogata,data_prescrizione,id_medico,id_paziente,id_medico_base) VALUES (10,False,'2021-07-26',9,43,1);
INSERT INTO visita_base (id_medico,id_paziente,data_erogazione) VALUES (4,28,'2021-01-21');
INSERT INTO visita_specialistica (id_visita,erogata,data_prescrizione,id_medico,id_paziente,id_medico_base) VALUES (6,False,'2021-10-13',9,53,4);
INSERT INTO visita_base (id_medico,id_paziente,data_erogazione) VALUES (2,47,'2020-05-23');
INSERT INTO visita_specialistica (id_visita,erogata,data_prescrizione,id_medico,id_paziente,id_medico_base) VALUES (7,False,'2020-06-25',6,39,2);
INSERT INTO visita_base (id_medico,id_paziente,data_erogazione) VALUES (5,43,'2020-05-06');
INSERT INTO visita_specialistica (id_visita,erogata,data_prescrizione,id_medico,id_paziente,id_medico_base) VALUES (9,False,'2021-10-25',7,43,5);
INSERT INTO visita_base (id_medico,id_paziente,data_erogazione) VALUES (3,51,'2021-01-14');
INSERT INTO visita_specialistica (id_visita,erogata,data_prescrizione,id_medico,id_paziente,id_medico_base) VALUES (3,False,'2020-06-19',10,47,3);
INSERT INTO visita_base (id_medico,id_paziente,data_erogazione) VALUES (4,41,'2020-09-13');
INSERT INTO visita_specialistica (id_visita,erogata,data_prescrizione,id_medico,id_paziente,id_medico_base) VALUES (10,False,'2021-05-29',10,56,4);
INSERT INTO visita_base (id_medico,id_paziente,data_erogazione) VALUES (5,50,'2021-01-03');
INSERT INTO visita_specialistica (id_visita,erogata,data_prescrizione,id_medico,id_paziente,id_medico_base) VALUES (4,False,'2020-11-26',8,38,5);
INSERT INTO visita_base (id_medico,id_paziente,data_erogazione) VALUES (2,18,'2020-05-30');
INSERT INTO visita_specialistica (id_visita,erogata,data_prescrizione,id_medico,id_paziente,id_medico_base) VALUES (3,False,'2021-07-26',8,23,2);
INSERT INTO visita_base (id_medico,id_paziente,data_erogazione) VALUES (1,51,'2020-01-26');
INSERT INTO visita_specialistica (id_visita,erogata,data_prescrizione,id_medico,id_paziente,id_medico_base) VALUES (9,False,'2021-11-15',7,42,1);
INSERT INTO visita_base (id_medico,id_paziente,data_erogazione) VALUES (1,48,'2020-11-02');
INSERT INTO visita_specialistica (id_visita,erogata,data_prescrizione,id_medico,id_paziente,id_medico_base) VALUES (2,False,'2020-10-11',8,28,1);
INSERT INTO visita_base (id_medico,id_paziente,data_erogazione) VALUES (4,45,'2021-04-11');
INSERT INTO visita_specialistica (id_visita,erogata,data_prescrizione,id_medico,id_paziente,id_medico_base) VALUES (1,False,'2021-11-04',10,26,4);
INSERT INTO visita_base (id_medico,id_paziente,data_erogazione) VALUES (2,47,'2021-04-04');
INSERT INTO visita_specialistica (id_visita,erogata,data_prescrizione,id_medico,id_paziente,id_medico_base) VALUES (4,False,'2020-07-29',10,47,2);
INSERT INTO visita_base (id_medico,id_paziente,data_erogazione) VALUES (4,38,'2021-02-26');
INSERT INTO visita_specialistica (id_visita,erogata,data_prescrizione,id_medico,id_paziente,id_medico_base) VALUES (5,False,'2021-08-02',6,41,4);
INSERT INTO visita_base (id_medico,id_paziente,data_erogazione) VALUES (3,52,'2020-06-16');
INSERT INTO visita_specialistica (id_visita,erogata,data_prescrizione,id_medico,id_paziente,id_medico_base) VALUES (8,False,'2021-03-27',7,14,3);
INSERT INTO visita_base (id_medico,id_paziente,data_erogazione) VALUES (1,35,'2020-07-06');
INSERT INTO visita_specialistica (id_visita,erogata,data_prescrizione,id_medico,id_paziente,id_medico_base) VALUES (1,False,'2021-01-26',8,17,1);
INSERT INTO visita_base (id_medico,id_paziente,data_erogazione) VALUES (5,18,'2021-03-04');
INSERT INTO visita_specialistica (id_visita,erogata,data_prescrizione,id_medico,id_paziente,id_medico_base) VALUES (3,False,'2021-12-09',8,46,5);
INSERT INTO visita_base (id_medico,id_paziente,data_erogazione) VALUES (5,40,'2021-03-26');
INSERT INTO visita_specialistica (id_visita,erogata,data_prescrizione,id_medico,id_paziente,id_medico_base) VALUES (4,False,'2021-11-11',6,54,5);
INSERT INTO visita_base (id_medico,id_paziente,data_erogazione) VALUES (1,29,'2020-02-21');
INSERT INTO visita_specialistica (id_visita,erogata,data_prescrizione,id_medico,id_paziente,id_medico_base) VALUES (4,False,'2021-03-03',10,54,1);
INSERT INTO visita_base (id_medico,id_paziente,data_erogazione) VALUES (1,16,'2021-02-08');
INSERT INTO visita_specialistica (id_visita,erogata,data_prescrizione,id_medico,id_paziente,id_medico_base) VALUES (2,False,'2021-05-20',9,43,1);
INSERT INTO visita_base (id_medico,id_paziente,data_erogazione) VALUES (2,57,'2020-01-19');
INSERT INTO visita_specialistica (id_visita,erogata,data_prescrizione,id_medico,id_paziente,id_medico_base) VALUES (5,False,'2021-12-24',8,43,2);
INSERT INTO visita_base (id_medico,id_paziente,data_erogazione) VALUES (3,14,'2021-12-29');
INSERT INTO visita_specialistica (id_visita,erogata,data_prescrizione,id_medico,id_paziente,id_medico_base) VALUES (1,False,'2020-07-16',9,35,3);
INSERT INTO visita_base (id_medico,id_paziente,data_erogazione) VALUES (4,22,'2021-04-22');
INSERT INTO visita_specialistica (id_visita,erogata,data_prescrizione,id_medico,id_paziente,id_medico_base) VALUES (3,False,'2020-12-27',10,56,4);
INSERT INTO visita_base (id_medico,id_paziente,data_erogazione) VALUES (2,32,'2020-09-20');
INSERT INTO visita_specialistica (id_visita,erogata,data_prescrizione,id_medico,id_paziente,id_medico_base) VALUES (3,False,'2020-09-26',7,60,2);
INSERT INTO visita_base (id_medico,id_paziente,data_erogazione) VALUES (4,53,'2021-10-10');
INSERT INTO visita_specialistica (id_visita,erogata,data_prescrizione,id_medico,id_paziente,id_medico_base) VALUES (7,False,'2021-10-16',9,34,4);
INSERT INTO visita_base (id_medico,id_paziente,data_erogazione) VALUES (4,52,'2020-06-30');
INSERT INTO visita_specialistica (id_visita,erogata,data_prescrizione,id_medico,id_paziente,id_medico_base) VALUES (7,False,'2020-08-20',6,27,4);
INSERT INTO visita_base (id_medico,id_paziente,data_erogazione) VALUES (5,27,'2020-10-28');
INSERT INTO visita_specialistica (id_visita,erogata,data_prescrizione,id_medico,id_paziente,id_medico_base) VALUES (2,False,'2021-03-22',9,49,5);
INSERT INTO visita_base (id_medico,id_paziente,data_erogazione) VALUES (4,46,'2020-08-11');
INSERT INTO visita_specialistica (id_visita,erogata,data_prescrizione,id_medico,id_paziente,id_medico_base) VALUES (8,False,'2020-02-11',8,60,4);
INSERT INTO visita_base (id_medico,id_paziente,data_erogazione) VALUES (4,58,'2021-06-15');
INSERT INTO visita_specialistica (id_visita,erogata,data_prescrizione,id_medico,id_paziente,id_medico_base) VALUES (10,False,'2020-06-12',9,46,4);
INSERT INTO visita_base (id_medico,id_paziente,data_erogazione) VALUES (2,37,'2021-10-09');
INSERT INTO visita_specialistica (id_visita,erogata,data_prescrizione,id_medico,id_paziente,id_medico_base) VALUES (1,False,'2020-03-08',9,58,2);
INSERT INTO visita_base (id_medico,id_paziente,data_erogazione) VALUES (1,28,'2021-11-08');
INSERT INTO visita_specialistica (id_visita,erogata,data_prescrizione,id_medico,id_paziente,id_medico_base) VALUES (1,False,'2021-03-06',10,36,1);
INSERT INTO visita_base (id_medico,id_paziente,data_erogazione) VALUES (4,51,'2020-04-25');
INSERT INTO visita_specialistica (id_visita,erogata,data_prescrizione,id_medico,id_paziente,id_medico_base) VALUES (1,False,'2020-08-31',8,31,4);
INSERT INTO visita_base (id_medico,id_paziente,data_erogazione) VALUES (1,47,'2021-04-21');
INSERT INTO visita_specialistica (id_visita,erogata,data_prescrizione,id_medico,id_paziente,id_medico_base) VALUES (10,False,'2021-01-11',8,55,1);
INSERT INTO visita_base (id_medico,id_paziente,data_erogazione) VALUES (5,61,'2021-08-28');
INSERT INTO visita_specialistica (id_visita,erogata,data_prescrizione,id_medico,id_paziente,id_medico_base) VALUES (8,False,'2021-04-08',7,39,5);
INSERT INTO visita_base (id_medico,id_paziente,data_erogazione) VALUES (3,19,'2020-10-27');
INSERT INTO visita_specialistica (id_visita,erogata,data_prescrizione,id_medico,id_paziente,id_medico_base) VALUES (5,False,'2021-11-12',6,61,3);
INSERT INTO visita_base (id_medico,id_paziente,data_erogazione) VALUES (5,32,'2020-07-25');
INSERT INTO visita_specialistica (id_visita,erogata,data_prescrizione,id_medico,id_paziente,id_medico_base) VALUES (7,False,'2021-12-13',7,33,5);
INSERT INTO visita_base (id_medico,id_paziente,data_erogazione) VALUES (3,35,'2020-06-06');
INSERT INTO visita_specialistica (id_visita,erogata,data_prescrizione,id_medico,id_paziente,id_medico_base) VALUES (2,False,'2020-05-07',10,32,3);
INSERT INTO visita_base (id_medico,id_paziente,data_erogazione) VALUES (4,37,'2020-07-18');
INSERT INTO visita_specialistica (id_visita,erogata,data_prescrizione,id_medico,id_paziente,id_medico_base) VALUES (2,False,'2020-01-18',8,14,4);
INSERT INTO visita_base (id_medico,id_paziente,data_erogazione) VALUES (5,63,'2020-10-09');
INSERT INTO visita_specialistica (id_visita,erogata,data_prescrizione,id_medico,id_paziente,id_medico_base) VALUES (10,False,'2020-04-06',6,32,5);
INSERT INTO visita_base (id_medico,id_paziente,data_erogazione) VALUES (5,24,'2021-02-02');
INSERT INTO visita_specialistica (id_visita,erogata,data_prescrizione,id_medico,id_paziente,id_medico_base) VALUES (2,False,'2020-04-08',7,41,5);
INSERT INTO visita_base (id_medico,id_paziente,data_erogazione) VALUES (5,23,'2020-02-26');
INSERT INTO visita_specialistica (id_visita,erogata,data_prescrizione,id_medico,id_paziente,id_medico_base) VALUES (5,False,'2021-12-14',6,57,5);
INSERT INTO visita_base (id_medico,id_paziente,data_erogazione) VALUES (3,36,'2021-09-27');
INSERT INTO visita_specialistica (id_visita,erogata,data_prescrizione,id_medico,id_paziente,id_medico_base) VALUES (9,False,'2021-05-29',9,33,3);
INSERT INTO visita_base (id_medico,id_paziente,data_erogazione) VALUES (1,63,'2021-12-10');
INSERT INTO visita_specialistica (id_visita,erogata,data_prescrizione,id_medico,id_paziente,id_medico_base) VALUES (9,False,'2021-09-26',6,18,1);
INSERT INTO visita_base (id_medico,id_paziente,data_erogazione) VALUES (1,19,'2020-07-31');
INSERT INTO visita_specialistica (id_visita,erogata,data_prescrizione,id_medico,id_paziente,id_medico_base) VALUES (4,False,'2020-05-22',10,19,1);
INSERT INTO visita_base (id_medico,id_paziente,data_erogazione) VALUES (1,63,'2021-10-21');
INSERT INTO visita_specialistica (id_visita,erogata,data_prescrizione,id_medico,id_paziente,id_medico_base) VALUES (10,False,'2021-01-27',9,20,1);
INSERT INTO visita_base (id_medico,id_paziente,data_erogazione) VALUES (2,45,'2021-11-23');
INSERT INTO visita_specialistica (id_visita,erogata,data_prescrizione,id_medico,id_paziente,id_medico_base) VALUES (7,False,'2021-05-28',8,38,2);
INSERT INTO visita_base (id_medico,id_paziente,data_erogazione) VALUES (1,47,'2020-05-28');
INSERT INTO visita_specialistica (id_visita,erogata,data_prescrizione,id_medico,id_paziente,id_medico_base) VALUES (3,False,'2021-07-09',7,62,1);
INSERT INTO visita_base (id_medico,id_paziente,data_erogazione) VALUES (4,54,'2021-06-04');
INSERT INTO visita_specialistica (id_visita,erogata,data_prescrizione,id_medico,id_paziente,id_medico_base) VALUES (2,False,'2020-12-05',6,45,4);
INSERT INTO visita_base (id_medico,id_paziente,data_erogazione) VALUES (5,51,'2021-10-01');
INSERT INTO visita_specialistica (id_visita,erogata,data_prescrizione,id_medico,id_paziente,id_medico_base) VALUES (6,False,'2020-01-26',7,16,5);
INSERT INTO visita_base (id_medico,id_paziente,data_erogazione) VALUES (5,49,'2021-06-03');
INSERT INTO visita_specialistica (id_visita,erogata,data_prescrizione,id_medico,id_paziente,id_medico_base) VALUES (10,False,'2020-09-11',9,17,5);
INSERT INTO visita_base (id_medico,id_paziente,data_erogazione) VALUES (2,16,'2020-08-20');
INSERT INTO visita_specialistica (id_visita,erogata,data_prescrizione,id_medico,id_paziente,id_medico_base) VALUES (3,False,'2021-03-13',9,20,2);
INSERT INTO visita_base (id_medico,id_paziente,data_erogazione) VALUES (3,19,'2021-08-26');
INSERT INTO visita_specialistica (id_visita,erogata,data_prescrizione,id_medico,id_paziente,id_medico_base) VALUES (5,False,'2020-05-05',8,55,3);
INSERT INTO visita_base (id_medico,id_paziente,data_erogazione) VALUES (1,62,'2020-11-08');
INSERT INTO visita_specialistica (id_visita,erogata,data_prescrizione,id_medico,id_paziente,id_medico_base) VALUES (9,False,'2020-09-14',7,44,1);
INSERT INTO visita_base (id_medico,id_paziente,data_erogazione) VALUES (5,16,'2021-04-21');
INSERT INTO visita_specialistica (id_visita,erogata,data_prescrizione,id_medico,id_paziente,id_medico_base) VALUES (8,False,'2021-09-23',8,24,5);
INSERT INTO visita_base (id_medico,id_paziente,data_erogazione) VALUES (4,46,'2020-06-11');
INSERT INTO visita_specialistica (id_visita,erogata,data_prescrizione,id_medico,id_paziente,id_medico_base) VALUES (3,False,'2020-04-28',8,15,4);
INSERT INTO visita_base (id_medico,id_paziente,data_erogazione) VALUES (2,47,'2021-05-19');
INSERT INTO visita_specialistica (id_visita,erogata,data_prescrizione,id_medico,id_paziente,id_medico_base) VALUES (9,False,'2021-03-21',8,34,2);
INSERT INTO visita_base (id_medico,id_paziente,data_erogazione) VALUES (2,51,'2020-05-11');
INSERT INTO visita_specialistica (id_visita,erogata,data_prescrizione,id_medico,id_paziente,id_medico_base) VALUES (5,False,'2020-07-14',9,62,2);
INSERT INTO visita_base (id_medico,id_paziente,data_erogazione) VALUES (1,34,'2021-06-19');
INSERT INTO visita_specialistica (id_visita,erogata,data_prescrizione,id_medico,id_paziente,id_medico_base) VALUES (6,False,'2020-06-14',6,25,1);
INSERT INTO visita_base (id_medico,id_paziente,data_erogazione) VALUES (3,42,'2021-09-20');
INSERT INTO visita_specialistica (id_visita,erogata,data_prescrizione,id_medico,id_paziente,id_medico_base) VALUES (5,False,'2020-08-16',7,20,3);
INSERT INTO visita_base (id_medico,id_paziente,data_erogazione) VALUES (1,33,'2020-03-09');
INSERT INTO visita_specialistica (id_visita,erogata,data_prescrizione,id_medico,id_paziente,id_medico_base) VALUES (9,False,'2020-08-08',10,15,1);
INSERT INTO visita_base (id_medico,id_paziente,data_erogazione) VALUES (3,54,'2020-12-27');
INSERT INTO visita_specialistica (id_visita,erogata,data_prescrizione,id_medico,id_paziente,id_medico_base) VALUES (7,False,'2020-07-13',9,31,3);
INSERT INTO visita_base (id_medico,id_paziente,data_erogazione) VALUES (1,22,'2021-08-18');
INSERT INTO visita_specialistica (id_visita,erogata,data_prescrizione,id_medico,id_paziente,id_medico_base) VALUES (10,False,'2020-11-06',6,32,1);
INSERT INTO visita_base (id_medico,id_paziente,data_erogazione) VALUES (3,15,'2020-08-29');
INSERT INTO visita_specialistica (id_visita,erogata,data_prescrizione,id_medico,id_paziente,id_medico_base) VALUES (10,False,'2020-05-24',7,19,3);
INSERT INTO visita_base (id_medico,id_paziente,data_erogazione) VALUES (4,28,'2021-03-19');
INSERT INTO visita_specialistica (id_visita,erogata,data_prescrizione,id_medico,id_paziente,id_medico_base) VALUES (6,False,'2020-08-07',6,26,4);
INSERT INTO visita_base (id_medico,id_paziente,data_erogazione) VALUES (3,23,'2021-03-23');
INSERT INTO visita_specialistica (id_visita,erogata,data_prescrizione,id_medico,id_paziente,id_medico_base) VALUES (5,False,'2021-03-15',9,18,3);
INSERT INTO visita_base (id_medico,id_paziente,data_erogazione) VALUES (1,51,'2020-06-30');
INSERT INTO visita_specialistica (id_visita,erogata,data_prescrizione,id_medico,id_paziente,id_medico_base) VALUES (6,False,'2021-01-04',9,41,1);
INSERT INTO visita_base (id_medico,id_paziente,data_erogazione) VALUES (2,33,'2020-02-19');
INSERT INTO visita_specialistica (id_visita,erogata,data_prescrizione,id_medico,id_paziente,id_medico_base) VALUES (10,False,'2021-05-28',8,52,2);
INSERT INTO visita_base (id_medico,id_paziente,data_erogazione) VALUES (5,17,'2021-06-28');
INSERT INTO visita_specialistica (id_visita,erogata,data_prescrizione,id_medico,id_paziente,id_medico_base) VALUES (8,False,'2021-10-17',6,34,5);
INSERT INTO visita_base (id_medico,id_paziente,data_erogazione) VALUES (5,44,'2020-03-18');
INSERT INTO visita_specialistica (id_visita,erogata,data_prescrizione,id_medico,id_paziente,id_medico_base) VALUES (5,False,'2020-12-29',6,46,5);
INSERT INTO visita_base (id_medico,id_paziente,data_erogazione) VALUES (4,43,'2020-05-26');
INSERT INTO visita_specialistica (id_visita,erogata,data_prescrizione,id_medico,id_paziente,id_medico_base) VALUES (7,False,'2020-06-30',8,35,4);
INSERT INTO visita_base (id_medico,id_paziente,data_erogazione) VALUES (3,36,'2021-05-25');
INSERT INTO visita_specialistica (id_visita,erogata,data_prescrizione,id_medico,id_paziente,id_medico_base) VALUES (1,False,'2021-12-05',6,25,3);
INSERT INTO visita_base (id_medico,id_paziente,data_erogazione) VALUES (4,14,'2020-02-24');
INSERT INTO visita_specialistica (id_visita,erogata,data_prescrizione,id_medico,id_paziente,id_medico_base) VALUES (10,False,'2020-08-26',8,21,4);
INSERT INTO visita_base (id_medico,id_paziente,data_erogazione) VALUES (2,43,'2020-12-02');
INSERT INTO visita_specialistica (id_visita,erogata,data_prescrizione,id_medico,id_paziente,id_medico_base) VALUES (5,False,'2020-11-24',8,53,2);
INSERT INTO visita_base (id_medico,id_paziente,data_erogazione) VALUES (3,33,'2020-10-20');
INSERT INTO visita_specialistica (id_visita,erogata,data_prescrizione,id_medico,id_paziente,id_medico_base) VALUES (2,False,'2021-08-29',6,16,3);
INSERT INTO visita_base (id_medico,id_paziente,data_erogazione) VALUES (2,43,'2020-12-30');
INSERT INTO visita_specialistica (id_visita,erogata,data_prescrizione,id_medico,id_paziente,id_medico_base) VALUES (2,False,'2020-12-11',6,29,2);
INSERT INTO visita_base (id_medico,id_paziente,data_erogazione) VALUES (5,51,'2021-03-05');
INSERT INTO visita_specialistica (id_visita,erogata,data_prescrizione,id_medico,id_paziente,id_medico_base) VALUES (3,False,'2020-01-28',10,17,5);
INSERT INTO visita_base (id_medico,id_paziente,data_erogazione) VALUES (1,27,'2021-05-23');
INSERT INTO visita_specialistica (id_visita,erogata,data_prescrizione,id_medico,id_paziente,id_medico_base) VALUES (2,False,'2020-04-24',10,58,1);
INSERT INTO visita_base (id_medico,id_paziente,data_erogazione) VALUES (5,53,'2020-11-20');
INSERT INTO visita_specialistica (id_visita,erogata,data_prescrizione,id_medico,id_paziente,id_medico_base) VALUES (5,False,'2020-08-25',7,26,5);
INSERT INTO visita_base (id_medico,id_paziente,data_erogazione) VALUES (5,47,'2020-06-10');
INSERT INTO visita_specialistica (id_visita,erogata,data_prescrizione,id_medico,id_paziente,id_medico_base) VALUES (9,False,'2020-09-07',9,32,5);
INSERT INTO visita_base (id_medico,id_paziente,data_erogazione) VALUES (5,22,'2021-02-21');
INSERT INTO visita_specialistica (id_visita,erogata,data_prescrizione,id_medico,id_paziente,id_medico_base) VALUES (1,False,'2020-12-06',9,37,5);
INSERT INTO visita_base (id_medico,id_paziente,data_erogazione) VALUES (5,24,'2021-10-28');
INSERT INTO visita_specialistica (id_visita,erogata,data_prescrizione,id_medico,id_paziente,id_medico_base) VALUES (7,False,'2021-11-20',8,14,5);
INSERT INTO visita_base (id_medico,id_paziente,data_erogazione) VALUES (5,15,'2021-11-18');
INSERT INTO visita_specialistica (id_visita,erogata,data_prescrizione,id_medico,id_paziente,id_medico_base) VALUES (5,False,'2020-07-29',10,15,5);
INSERT INTO visita_base (id_medico,id_paziente,data_erogazione) VALUES (2,23,'2021-05-01');
INSERT INTO visita_specialistica (id_visita,erogata,data_prescrizione,id_medico,id_paziente,id_medico_base) VALUES (7,False,'2020-06-26',6,16,2);
INSERT INTO visita_base (id_medico,id_paziente,data_erogazione) VALUES (2,43,'2021-10-03');
INSERT INTO visita_specialistica (id_visita,erogata,data_prescrizione,id_medico,id_paziente,id_medico_base) VALUES (10,False,'2020-02-19',8,40,2);
INSERT INTO visita_base (id_medico,id_paziente,data_erogazione) VALUES (4,31,'2021-05-03');
INSERT INTO visita_specialistica (id_visita,erogata,data_prescrizione,id_medico,id_paziente,id_medico_base) VALUES (9,False,'2020-09-24',8,42,4);
INSERT INTO visita_base (id_medico,id_paziente,data_erogazione) VALUES (2,23,'2020-02-12');
INSERT INTO visita_specialistica (id_visita,erogata,data_prescrizione,id_medico,id_paziente,id_medico_base) VALUES (6,False,'2021-02-09',7,60,2);
INSERT INTO visita_base (id_medico,id_paziente,data_erogazione) VALUES (2,28,'2020-12-03');
INSERT INTO visita_specialistica (id_visita,erogata,data_prescrizione,id_medico,id_paziente,id_medico_base) VALUES (4,False,'2020-05-03',9,17,2);
INSERT INTO visita_base (id_medico,id_paziente,data_erogazione) VALUES (2,38,'2020-10-26');
INSERT INTO visita_specialistica (id_visita,erogata,data_prescrizione,id_medico,id_paziente,id_medico_base) VALUES (6,False,'2021-07-12',9,35,2);
INSERT INTO visita_base (id_medico,id_paziente,data_erogazione) VALUES (4,63,'2021-02-03');
INSERT INTO visita_specialistica (id_visita,erogata,data_prescrizione,id_medico,id_paziente,id_medico_base) VALUES (3,False,'2021-09-16',6,31,4);
INSERT INTO visita_base (id_medico,id_paziente,data_erogazione) VALUES (3,36,'2020-06-17');
INSERT INTO visita_specialistica (id_visita,erogata,data_prescrizione,id_medico,id_paziente,id_medico_base) VALUES (2,False,'2020-11-20',9,63,3);
INSERT INTO visita_base (id_medico,id_paziente,data_erogazione) VALUES (4,37,'2020-08-15');
INSERT INTO visita_specialistica (id_visita,erogata,data_prescrizione,id_medico,id_paziente,id_medico_base) VALUES (5,False,'2021-03-09',10,60,4);
INSERT INTO visita_base (id_medico,id_paziente,data_erogazione) VALUES (2,29,'2021-08-21');
INSERT INTO visita_specialistica (id_visita,erogata,data_prescrizione,id_medico,id_paziente,id_medico_base) VALUES (4,False,'2021-11-06',10,36,2);
INSERT INTO visita_base (id_medico,id_paziente,data_erogazione) VALUES (1,54,'2020-03-03');
INSERT INTO visita_specialistica (id_visita,erogata,data_prescrizione,id_medico,id_paziente,id_medico_base) VALUES (8,False,'2020-08-03',10,34,1);
INSERT INTO visita_base (id_medico,id_paziente,data_erogazione) VALUES (4,51,'2021-07-02');
INSERT INTO visita_specialistica (id_visita,erogata,data_prescrizione,id_medico,id_paziente,id_medico_base) VALUES (7,False,'2021-11-28',8,58,4);
INSERT INTO visita_base (id_medico,id_paziente,data_erogazione) VALUES (4,50,'2021-06-22');
INSERT INTO visita_specialistica (id_visita,erogata,data_prescrizione,id_medico,id_paziente,id_medico_base) VALUES (2,False,'2021-09-28',9,45,4);
INSERT INTO visita_base (id_medico,id_paziente,data_erogazione) VALUES (2,29,'2020-11-26');
INSERT INTO visita_specialistica (id_visita,erogata,data_prescrizione,id_medico,id_paziente,id_medico_base) VALUES (3,False,'2021-11-13',8,23,2);
INSERT INTO visita_base (id_medico,id_paziente,data_erogazione) VALUES (3,61,'2021-01-07');
INSERT INTO visita_specialistica (id_visita,erogata,data_prescrizione,id_medico,id_paziente,id_medico_base) VALUES (4,False,'2021-07-30',10,63,3);
INSERT INTO visita_base (id_medico,id_paziente,data_erogazione) VALUES (2,19,'2020-08-04');
INSERT INTO visita_specialistica (id_visita,erogata,data_prescrizione,id_medico,id_paziente,id_medico_base) VALUES (3,False,'2021-10-26',10,63,2);
INSERT INTO visita_base (id_medico,id_paziente,data_erogazione) VALUES (5,39,'2021-02-17');
INSERT INTO visita_specialistica (id_visita,erogata,data_prescrizione,id_medico,id_paziente,id_medico_base) VALUES (4,False,'2020-10-18',10,28,5);
INSERT INTO visita_base (id_medico,id_paziente,data_erogazione) VALUES (2,37,'2020-02-27');
INSERT INTO visita_specialistica (id_visita,erogata,data_prescrizione,id_medico,id_paziente,id_medico_base) VALUES (2,False,'2020-05-01',6,14,2);
INSERT INTO visita_base (id_medico,id_paziente,data_erogazione) VALUES (2,36,'2020-01-21');
INSERT INTO visita_specialistica (id_visita,erogata,data_prescrizione,id_medico,id_paziente,id_medico_base) VALUES (7,False,'2020-05-04',10,21,2);
INSERT INTO visita_base (id_medico,id_paziente,data_erogazione) VALUES (1,27,'2021-01-28');
INSERT INTO visita_specialistica (id_visita,erogata,data_prescrizione,id_medico,id_paziente,id_medico_base) VALUES (8,False,'2021-11-08',10,36,1);
INSERT INTO visita_base (id_medico,id_paziente,data_erogazione) VALUES (4,14,'2021-07-23');
INSERT INTO visita_specialistica (id_visita,erogata,data_prescrizione,id_medico,id_paziente,id_medico_base) VALUES (6,False,'2020-11-11',7,39,4);
INSERT INTO visita_base (id_medico,id_paziente,data_erogazione) VALUES (1,52,'2021-10-18');
INSERT INTO visita_specialistica (id_visita,erogata,data_prescrizione,id_medico,id_paziente,id_medico_base) VALUES (6,False,'2020-12-09',6,59,1);
INSERT INTO visita_base (id_medico,id_paziente,data_erogazione) VALUES (3,19,'2021-03-25');
INSERT INTO visita_specialistica (id_visita,erogata,data_prescrizione,id_medico,id_paziente,id_medico_base) VALUES (5,False,'2021-07-17',8,49,3);
INSERT INTO visita_base (id_medico,id_paziente,data_erogazione) VALUES (2,35,'2020-05-30');
INSERT INTO visita_specialistica (id_visita,erogata,data_prescrizione,id_medico,id_paziente,id_medico_base) VALUES (7,False,'2020-09-29',6,23,2);
INSERT INTO visita_base (id_medico,id_paziente,data_erogazione) VALUES (4,45,'2021-10-07');
INSERT INTO visita_specialistica (id_visita,erogata,data_prescrizione,id_medico,id_paziente,id_medico_base) VALUES (10,False,'2021-01-02',9,54,4);
INSERT INTO visita_base (id_medico,id_paziente,data_erogazione) VALUES (4,46,'2020-05-13');
INSERT INTO visita_specialistica (id_visita,erogata,data_prescrizione,id_medico,id_paziente,id_medico_base) VALUES (6,False,'2020-09-30',7,45,4);
INSERT INTO visita_base (id_medico,id_paziente,data_erogazione) VALUES (1,60,'2021-12-29');
INSERT INTO visita_specialistica (id_visita,erogata,data_prescrizione,id_medico,id_paziente,id_medico_base) VALUES (10,False,'2020-08-28',8,42,1);
INSERT INTO visita_base (id_medico,id_paziente,data_erogazione) VALUES (2,50,'2021-09-16');
INSERT INTO visita_specialistica (id_visita,erogata,data_prescrizione,id_medico,id_paziente,id_medico_base) VALUES (7,False,'2021-08-29',8,23,2);
INSERT INTO visita_base (id_medico,id_paziente,data_erogazione) VALUES (2,46,'2021-09-23');
INSERT INTO visita_specialistica (id_visita,erogata,data_prescrizione,id_medico,id_paziente,id_medico_base) VALUES (8,False,'2020-04-13',9,38,2);
INSERT INTO visita_base (id_medico,id_paziente,data_erogazione) VALUES (5,28,'2021-07-30');
INSERT INTO visita_specialistica (id_visita,erogata,data_prescrizione,id_medico,id_paziente,id_medico_base) VALUES (2,False,'2020-01-20',10,59,5);
INSERT INTO visita_base (id_medico,id_paziente,data_erogazione) VALUES (3,37,'2020-01-19');
INSERT INTO visita_specialistica (id_visita,erogata,data_prescrizione,id_medico,id_paziente,id_medico_base) VALUES (10,False,'2021-08-21',9,55,3);
INSERT INTO visita_base (id_medico,id_paziente,data_erogazione) VALUES (3,46,'2020-02-29');
INSERT INTO visita_specialistica (id_visita,erogata,data_prescrizione,id_medico,id_paziente,id_medico_base) VALUES (6,False,'2021-03-20',10,25,3);
INSERT INTO visita_base (id_medico,id_paziente,data_erogazione) VALUES (3,30,'2020-01-19');
INSERT INTO visita_specialistica (id_visita,erogata,data_prescrizione,id_medico,id_paziente,id_medico_base) VALUES (4,False,'2020-07-27',6,18,3);
INSERT INTO visita_base (id_medico,id_paziente,data_erogazione) VALUES (2,40,'2020-03-02');
INSERT INTO visita_specialistica (id_visita,erogata,data_prescrizione,id_medico,id_paziente,id_medico_base) VALUES (7,False,'2021-05-12',8,57,2);
INSERT INTO visita_base (id_medico,id_paziente,data_erogazione) VALUES (1,38,'2021-10-07');
INSERT INTO visita_specialistica (id_visita,erogata,data_prescrizione,id_medico,id_paziente,id_medico_base) VALUES (7,False,'2021-10-26',7,52,1);
INSERT INTO visita_base (id_medico,id_paziente,data_erogazione) VALUES (3,20,'2020-02-10');
INSERT INTO visita_specialistica (id_visita,erogata,data_prescrizione,id_medico,id_paziente,id_medico_base) VALUES (7,False,'2021-06-16',6,48,3);
INSERT INTO visita_base (id_medico,id_paziente,data_erogazione) VALUES (5,53,'2021-01-27');
INSERT INTO visita_specialistica (id_visita,erogata,data_prescrizione,id_medico,id_paziente,id_medico_base) VALUES (5,False,'2021-04-20',6,20,5);
INSERT INTO visita_base (id_medico,id_paziente,data_erogazione) VALUES (5,27,'2020-02-06');
INSERT INTO visita_specialistica (id_visita,erogata,data_prescrizione,id_medico,id_paziente,id_medico_base) VALUES (2,False,'2020-06-21',9,34,5);
INSERT INTO visita_base (id_medico,id_paziente,data_erogazione) VALUES (1,43,'2021-03-30');
INSERT INTO visita_specialistica (id_visita,erogata,data_prescrizione,id_medico,id_paziente,id_medico_base) VALUES (5,False,'2021-07-05',9,44,1);
INSERT INTO visita_base (id_medico,id_paziente,data_erogazione) VALUES (1,32,'2021-10-05');
INSERT INTO visita_specialistica (id_visita,erogata,data_prescrizione,id_medico,id_paziente,id_medico_base) VALUES (5,False,'2021-05-09',9,63,1);
INSERT INTO visita_base (id_medico,id_paziente,data_erogazione) VALUES (5,35,'2020-04-20');
INSERT INTO visita_specialistica (id_visita,erogata,data_prescrizione,id_medico,id_paziente,id_medico_base) VALUES (8,False,'2020-12-07',9,24,5);
INSERT INTO visita_base (id_medico,id_paziente,data_erogazione) VALUES (2,50,'2021-05-31');
INSERT INTO visita_specialistica (id_visita,erogata,data_prescrizione,id_medico,id_paziente,id_medico_base) VALUES (3,False,'2021-02-06',7,16,2);
INSERT INTO visita_base (id_medico,id_paziente,data_erogazione) VALUES (5,42,'2020-03-12');
INSERT INTO visita_specialistica (id_visita,erogata,data_prescrizione,id_medico,id_paziente,id_medico_base) VALUES (10,False,'2020-05-27',10,61,5);
INSERT INTO visita_base (id_medico,id_paziente,data_erogazione) VALUES (4,45,'2020-08-06');
INSERT INTO visita_specialistica (id_visita,erogata,data_prescrizione,id_medico,id_paziente,id_medico_base) VALUES (10,False,'2021-12-13',9,21,4);
INSERT INTO visita_base (id_medico,id_paziente,data_erogazione) VALUES (3,23,'2021-04-29');
INSERT INTO visita_specialistica (id_visita,erogata,data_prescrizione,id_medico,id_paziente,id_medico_base) VALUES (6,False,'2021-11-12',9,48,3);
INSERT INTO visita_base (id_medico,id_paziente,data_erogazione) VALUES (4,23,'2021-04-27');
INSERT INTO visita_specialistica (id_visita,erogata,data_prescrizione,id_medico,id_paziente,id_medico_base) VALUES (3,False,'2020-02-04',7,20,4);
INSERT INTO visita_base (id_medico,id_paziente,data_erogazione) VALUES (5,21,'2021-03-17');
INSERT INTO visita_specialistica (id_visita,erogata,data_prescrizione,id_medico,id_paziente,id_medico_base) VALUES (9,False,'2020-09-23',6,34,5);
INSERT INTO visita_base (id_medico,id_paziente,data_erogazione) VALUES (2,32,'2020-06-08');
INSERT INTO visita_specialistica (id_visita,erogata,data_prescrizione,id_medico,id_paziente,id_medico_base) VALUES (1,False,'2020-11-27',7,40,2);
INSERT INTO visita_base (id_medico,id_paziente,data_erogazione) VALUES (2,40,'2021-07-01');
INSERT INTO visita_specialistica (id_visita,erogata,data_prescrizione,id_medico,id_paziente,id_medico_base) VALUES (1,False,'2021-04-04',8,59,2);
INSERT INTO visita_base (id_medico,id_paziente,data_erogazione) VALUES (5,29,'2021-01-28');
INSERT INTO visita_specialistica (id_visita,erogata,data_prescrizione,id_medico,id_paziente,id_medico_base) VALUES (9,False,'2020-09-21',9,42,5);
INSERT INTO visita_base (id_medico,id_paziente,data_erogazione) VALUES (2,53,'2020-12-09');
INSERT INTO visita_specialistica (id_visita,erogata,data_prescrizione,id_medico,id_paziente,id_medico_base) VALUES (1,False,'2020-08-31',10,30,2);
INSERT INTO visita_base (id_medico,id_paziente,data_erogazione) VALUES (2,61,'2021-07-24');
INSERT INTO visita_specialistica (id_visita,erogata,data_prescrizione,id_medico,id_paziente,id_medico_base) VALUES (6,False,'2020-06-20',9,40,2);
INSERT INTO visita_base (id_medico,id_paziente,data_erogazione) VALUES (4,20,'2020-06-25');
INSERT INTO visita_specialistica (id_visita,erogata,data_prescrizione,id_medico,id_paziente,id_medico_base) VALUES (5,False,'2021-08-22',6,39,4);
INSERT INTO visita_base (id_medico,id_paziente,data_erogazione) VALUES (3,53,'2021-12-17');
INSERT INTO visita_specialistica (id_visita,erogata,data_prescrizione,id_medico,id_paziente,id_medico_base) VALUES (2,False,'2020-06-24',9,32,3);
INSERT INTO visita_base (id_medico,id_paziente,data_erogazione) VALUES (5,53,'2021-04-27');
INSERT INTO visita_specialistica (id_visita,erogata,data_prescrizione,id_medico,id_paziente,id_medico_base) VALUES (5,False,'2021-02-26',10,22,5);
INSERT INTO visita_base (id_medico,id_paziente,data_erogazione) VALUES (4,36,'2020-11-07');
INSERT INTO visita_specialistica (id_visita,erogata,data_prescrizione,id_medico,id_paziente,id_medico_base) VALUES (8,False,'2021-04-05',9,53,4);
INSERT INTO visita_base (id_medico,id_paziente,data_erogazione) VALUES (2,21,'2021-02-19');
INSERT INTO visita_specialistica (id_visita,erogata,data_prescrizione,id_medico,id_paziente,id_medico_base) VALUES (6,False,'2020-08-25',8,63,2);
INSERT INTO visita_base (id_medico,id_paziente,data_erogazione) VALUES (5,46,'2020-08-16');
INSERT INTO visita_specialistica (id_visita,erogata,data_prescrizione,id_medico,id_paziente,id_medico_base) VALUES (9,False,'2020-12-14',10,49,5);
INSERT INTO visita_base (id_medico,id_paziente,data_erogazione) VALUES (1,25,'2020-08-13');
INSERT INTO visita_specialistica (id_visita,erogata,data_prescrizione,id_medico,id_paziente,id_medico_base) VALUES (9,False,'2021-01-11',6,60,1);
INSERT INTO visita_base (id_medico,id_paziente,data_erogazione) VALUES (5,25,'2020-04-30');
INSERT INTO visita_specialistica (id_visita,erogata,data_prescrizione,id_medico,id_paziente,id_medico_base) VALUES (1,False,'2021-03-26',8,57,5);
INSERT INTO visita_base (id_medico,id_paziente,data_erogazione) VALUES (3,52,'2020-10-10');
INSERT INTO visita_specialistica (id_visita,erogata,data_prescrizione,id_medico,id_paziente,id_medico_base) VALUES (7,False,'2021-06-20',10,42,3);
INSERT INTO visita_base (id_medico,id_paziente,data_erogazione) VALUES (3,63,'2021-11-01');
INSERT INTO visita_specialistica (id_visita,erogata,data_prescrizione,id_medico,id_paziente,id_medico_base) VALUES (10,False,'2020-11-13',8,16,3);
INSERT INTO visita_base (id_medico,id_paziente,data_erogazione) VALUES (5,51,'2020-06-21');
INSERT INTO visita_specialistica (id_visita,erogata,data_prescrizione,id_medico,id_paziente,id_medico_base) VALUES (7,False,'2020-04-14',10,14,5);
INSERT INTO visita_base (id_medico,id_paziente,data_erogazione) VALUES (4,24,'2021-07-05');
INSERT INTO visita_specialistica (id_visita,erogata,data_prescrizione,id_medico,id_paziente,id_medico_base) VALUES (9,False,'2021-05-26',10,41,4);
INSERT INTO visita_base (id_medico,id_paziente,data_erogazione) VALUES (5,50,'2020-04-30');
INSERT INTO visita_specialistica (id_visita,erogata,data_prescrizione,id_medico,id_paziente,id_medico_base) VALUES (10,False,'2021-11-06',9,57,5);
INSERT INTO visita_base (id_medico,id_paziente,data_erogazione) VALUES (3,30,'2021-06-21');
INSERT INTO visita_specialistica (id_visita,erogata,data_prescrizione,id_medico,id_paziente,id_medico_base) VALUES (7,False,'2021-01-23',10,15,3);
INSERT INTO visita_base (id_medico,id_paziente,data_erogazione) VALUES (5,24,'2021-03-21');
INSERT INTO visita_specialistica (id_visita,erogata,data_prescrizione,id_medico,id_paziente,id_medico_base) VALUES (9,False,'2021-01-13',10,34,5);
INSERT INTO visita_base (id_medico,id_paziente,data_erogazione) VALUES (1,21,'2021-03-30');
INSERT INTO visita_specialistica (id_visita,erogata,data_prescrizione,id_medico,id_paziente,id_medico_base) VALUES (7,False,'2020-08-01',10,31,1);
INSERT INTO visita_base (id_medico,id_paziente,data_erogazione) VALUES (5,35,'2021-01-04');
INSERT INTO visita_specialistica (id_visita,erogata,data_prescrizione,id_medico,id_paziente,id_medico_base) VALUES (6,False,'2021-02-21',9,21,5);
INSERT INTO visita_base (id_medico,id_paziente,data_erogazione) VALUES (4,35,'2021-06-01');
INSERT INTO visita_specialistica (id_visita,erogata,data_prescrizione,id_medico,id_paziente,id_medico_base) VALUES (6,False,'2021-06-28',6,25,4);
INSERT INTO visita_base (id_medico,id_paziente,data_erogazione) VALUES (4,25,'2020-02-01');
INSERT INTO visita_specialistica (id_visita,erogata,data_prescrizione,id_medico,id_paziente,id_medico_base) VALUES (2,False,'2020-12-17',8,36,4);
INSERT INTO visita_base (id_medico,id_paziente,data_erogazione) VALUES (2,55,'2021-12-14');
INSERT INTO visita_specialistica (id_visita,erogata,data_prescrizione,id_medico,id_paziente,id_medico_base) VALUES (8,False,'2021-06-07',7,19,2);
INSERT INTO visita_base (id_medico,id_paziente,data_erogazione) VALUES (4,37,'2021-07-24');
INSERT INTO visita_specialistica (id_visita,erogata,data_prescrizione,id_medico,id_paziente,id_medico_base) VALUES (6,False,'2021-08-04',7,14,4);
INSERT INTO visita_base (id_medico,id_paziente,data_erogazione) VALUES (3,58,'2021-02-08');
INSERT INTO visita_specialistica (id_visita,erogata,data_prescrizione,id_medico,id_paziente,id_medico_base) VALUES (5,False,'2021-08-06',9,15,3);
INSERT INTO visita_base (id_medico,id_paziente,data_erogazione) VALUES (3,33,'2021-12-13');
INSERT INTO visita_specialistica (id_visita,erogata,data_prescrizione,id_medico,id_paziente,id_medico_base) VALUES (9,False,'2020-01-31',6,41,3);
INSERT INTO visita_base (id_medico,id_paziente,data_erogazione) VALUES (4,51,'2020-08-15');
INSERT INTO visita_specialistica (id_visita,erogata,data_prescrizione,id_medico,id_paziente,id_medico_base) VALUES (1,False,'2021-02-01',9,55,4);
INSERT INTO visita_base (id_medico,id_paziente,data_erogazione) VALUES (4,35,'2021-02-19');
INSERT INTO visita_specialistica (id_visita,erogata,data_prescrizione,id_medico,id_paziente,id_medico_base) VALUES (4,False,'2020-12-05',9,20,4);
INSERT INTO visita_base (id_medico,id_paziente,data_erogazione) VALUES (2,49,'2021-02-25');
INSERT INTO visita_specialistica (id_visita,erogata,data_prescrizione,id_medico,id_paziente,id_medico_base) VALUES (8,False,'2020-11-27',10,16,2);
INSERT INTO visita_base (id_medico,id_paziente,data_erogazione) VALUES (4,44,'2021-05-02');
INSERT INTO visita_specialistica (id_visita,erogata,data_prescrizione,id_medico,id_paziente,id_medico_base) VALUES (7,False,'2021-03-05',9,44,4);
INSERT INTO visita_base (id_medico,id_paziente,data_erogazione) VALUES (5,50,'2020-08-16');
INSERT INTO visita_specialistica (id_visita,erogata,data_prescrizione,id_medico,id_paziente,id_medico_base) VALUES (6,False,'2021-09-02',9,25,5);
INSERT INTO visita_base (id_medico,id_paziente,data_erogazione) VALUES (1,29,'2021-07-28');
INSERT INTO visita_specialistica (id_visita,erogata,data_prescrizione,id_medico,id_paziente,id_medico_base) VALUES (10,False,'2020-12-17',10,47,1);
INSERT INTO visita_base (id_medico,id_paziente,data_erogazione) VALUES (1,47,'2020-05-18');
INSERT INTO visita_specialistica (id_visita,erogata,data_prescrizione,id_medico,id_paziente,id_medico_base) VALUES (7,False,'2021-08-06',9,50,1);
INSERT INTO visita_base (id_medico,id_paziente,data_erogazione) VALUES (5,48,'2020-05-27');
INSERT INTO visita_specialistica (id_visita,erogata,data_prescrizione,id_medico,id_paziente,id_medico_base) VALUES (8,False,'2020-05-30',6,56,5);
INSERT INTO visita_base (id_medico,id_paziente,data_erogazione) VALUES (5,31,'2020-03-31');
INSERT INTO visita_specialistica (id_visita,erogata,data_prescrizione,id_medico,id_paziente,id_medico_base) VALUES (6,False,'2021-10-19',8,62,5);
INSERT INTO visita_base (id_medico,id_paziente,data_erogazione) VALUES (2,51,'2021-03-28');
INSERT INTO visita_specialistica (id_visita,erogata,data_prescrizione,id_medico,id_paziente,id_medico_base) VALUES (5,False,'2020-05-19',9,20,2);
INSERT INTO visita_base (id_medico,id_paziente,data_erogazione) VALUES (3,32,'2020-08-24');
INSERT INTO visita_specialistica (id_visita,erogata,data_prescrizione,id_medico,id_paziente,id_medico_base) VALUES (10,False,'2020-09-30',10,49,3);
