INSERT INTO servizio_sanitario_provinciale (provincia_appartenenza) VALUES ('Brescia');
INSERT INTO servizio_sanitario_provinciale (provincia_appartenenza) VALUES ('Milano');
INSERT INTO servizio_sanitario_provinciale (provincia_appartenenza) VALUES ('Roma');
INSERT INTO users (typ, username, pass, nome, cognome, provincia_appartenenza) VALUES ('medico_base','Sara.Costa@fake.gmail.com','10000:076cb97418fa9582:0f51d87c29d07307c5c80d3da94f8cc5b80592775af5afb177fd2db292687e833846855b9419fe6142ce7c16259cc3fbc51be7280f014f98d92c149be529d3d4','Sara', 'Costa', 'Brescia');
INSERT INTO users (typ, username, pass, nome, cognome, provincia_appartenenza) VALUES ('medico_base','Sofia.undefined@fake.gmail.com','10000:888c470ace238690:85039382cd965f71235b747447fcfee3869893c571106533a34c6a7961e4afd37a6dfa519c491b74eeee3261605b31334b8f24d3ff02a9696b43c2ae7ac829d0','Sofia', 'undefined', 'Milano');
INSERT INTO users (typ, username, pass, nome, cognome, provincia_appartenenza) VALUES ('medico_base','Matilde.Coppola@fake.gmail.com','10000:a415cc4ed921fdc7:3df7f872ed31997f3ea4fd56ed73d124c327eca511ee9119b2bd3d881499d09d1243719c4b96f5f27dcefb8606c8c37bb4a446911bf30156547bb648c12df337','Matilde', 'Coppola', 'Roma');
INSERT INTO users (typ, username, pass, nome, cognome, provincia_appartenenza) VALUES ('medico_base','Antonio.Russo@fake.gmail.com','10000:1542b44ad82ca6ec:b2f527f54a670c3a0a0151b0e258cec0147b1646b9028bd19e010f8a4160d376870dc09c36d093bdfaf6139c1082b9dfe070441a57503ab429e91f6b5609f07f','Antonio', 'Russo', 'Brescia');
INSERT INTO users (typ, username, pass, nome, cognome, provincia_appartenenza) VALUES ('medico_base','Giuseppe.Fabbri@fake.gmail.com','10000:85a18d01ae9f94fa:01aa471791d917c1a63f28064a03f5f7b5ef26dccb853380335d797782c059932c7725ee40fbedd16af7c0824a99c546c738d689f47a498a74ccd96b0c423ff4','Giuseppe', 'Fabbri', 'Milano');
INSERT INTO users (typ, username, pass, nome, cognome, provincia_appartenenza) VALUES ('medico_specialista','Davide.Marini@fake.gmail.com','10000:c661b0be5a36ddc1:34604f8eef30a3c9ac7f74f687613c16e79693ece682afdae682e27237cf2fd8fbba2c50374867c499d37fcbb295ac97f266efc8e892bd19783ad0b830827c3a','Davide', 'Marini', 'Brescia');
INSERT INTO users (typ, username, pass, nome, cognome, provincia_appartenenza) VALUES ('medico_specialista','Lorenzo.Ricci@fake.gmail.com','10000:196504094bb98102:673471e2f6cbf59a15b39b8086ca5f0dace11b87245cd441365d127fd6ddd14e41cebb3d18e992c9b2c99289e55c523a9c1dcdd77ac75d6235ed020e98b94d3c','Lorenzo', 'Ricci', 'Milano');
INSERT INTO users (typ, username, pass, nome, cognome, provincia_appartenenza) VALUES ('medico_specialista','Greta.Gentile@fake.gmail.com','10000:6b408b579f4ebc4d:94339ee87a9709fdb41b75ecb8ed2e4cac522421474399ff2883874c3eefc05879122b473204cce9c8de1a13c0906cedfe1d64988dc5aec51460240da48473fb','Greta', 'Gentile', 'Roma');
INSERT INTO users (typ, username, pass, nome, cognome, provincia_appartenenza) VALUES ('medico_specialista','Mattia.Valentini@fake.gmail.com','10000:e9fb0d5428a16207:3ba563c05fa117d4e995894c8c761b574d53540a2ca4d9891d267f89dc660c4c5293ea3f083508b33bd05bab65cfc1a8267704d2124a9aa7ea97f877ef4b3b85','Mattia', 'Valentini', 'Brescia');
INSERT INTO users (typ, username, pass, nome, cognome, provincia_appartenenza) VALUES ('medico_specialista','Chiara.Ricci@fake.gmail.com','10000:9e47e8f1ae6a2427:ba370e1a1f0d733b4265bb8d8e240f7fbe30c79d42f4be61aa441658793d7841946011809a71ce996af669f1ceff93b7becbcebaf6d676d406e41c60047b0c8b','Chiara', 'Ricci', 'Milano');
INSERT INTO elenco_visite_possibili (praticante, nome, descrizione, costo_ticket) VALUES ('medico_specialista', 'Visita specialistica 1', 'Descrizione della visita specialistica 1', 50);
INSERT INTO elenco_visite_possibili (praticante, nome, descrizione, costo_ticket) VALUES ('medico_specialista', 'Visita specialistica 2', 'Descrizione della visita specialistica 2', 50);
INSERT INTO elenco_visite_possibili (praticante, nome, descrizione, costo_ticket) VALUES ('medico_specialista', 'Visita specialistica 3', 'Descrizione della visita specialistica 3', 50);
INSERT INTO elenco_visite_possibili (praticante, nome, descrizione, costo_ticket) VALUES ('medico_specialista', 'Visita specialistica 4', 'Descrizione della visita specialistica 4', 50);
INSERT INTO elenco_visite_possibili (praticante, nome, descrizione, costo_ticket) VALUES ('medico_specialista', 'Visita specialistica 5', 'Descrizione della visita specialistica 5', 50);
INSERT INTO elenco_visite_possibili (praticante, nome, descrizione, costo_ticket) VALUES ('ssn', 'Visita ssn 1', 'Descrizione della visita ssn 1', 11);
INSERT INTO elenco_visite_possibili (praticante, nome, descrizione, costo_ticket) VALUES ('ssn', 'Visita ssn 2', 'Descrizione della visita ssn 2', 11);
INSERT INTO elenco_visite_possibili (praticante, nome, descrizione, costo_ticket) VALUES ('ssn', 'Visita ssn 3', 'Descrizione della visita ssn 3', 11);
INSERT INTO elenco_visite_possibili (praticante, nome, descrizione, costo_ticket) VALUES ('ssn', 'Visita ssn 4', 'Descrizione della visita ssn 4', 11);
INSERT INTO elenco_visite_possibili (praticante, nome, descrizione, costo_ticket) VALUES ('ssn', 'Visita ssn 5', 'Descrizione della visita ssn 5', 11);
INSERT INTO users (typ, username, pass, nome, cognome, provincia_appartenenza) VALUES('paziente', 'Nicola.Ferrari@fake.gmail.com', '10000:a98ff6a57cadcb55:1db21b5686c6a742be54f8bfd93fae23d7a482aa851fb37fc58fb857fc389665884dca65d8363e633f9c2a7d56d9bac1105d3b7dab09bde8f251f61dabb5c5c8','Nicola', 'Ferrari', 'Brescia');
INSERT INTO paziente(id_user, data_nascita, luogo_nascita, codice_fiscale, sesso, foto, id_medico, email) VALUES('11', '1961-12-15', 'Roma', 'FRRNCL61T15H501B', 'M', '','1', 'Nicola.Ferrari@fake.gmail.com');
INSERT INTO users (typ, username, pass, nome, cognome, provincia_appartenenza) VALUES('paziente', 'Giovanni.Greco@fake.gmail.com', '10000:9d6d7eb7bf75ac5d:8ff06ff941994d3c5436e03c379f060acb6de920f86c157d4f26494fab2e0852f2a5f2e7f3029e1f21abfbace23cc72ddb3c24f4b6f7e4319acd53a2d7733991','Giovanni', 'Greco', 'Brescia');
INSERT INTO paziente(id_user, data_nascita, luogo_nascita, codice_fiscale, sesso, foto, id_medico, email) VALUES('12', '1947-10-27', 'Brescia', 'GRCGNN47R27B157M', 'M', '','1', 'Giovanni.Greco@fake.gmail.com');
INSERT INTO users (typ, username, pass, nome, cognome, provincia_appartenenza) VALUES('paziente', 'Vittoria.Bianco@fake.gmail.com', '10000:e0b50f07ed73f423:54fc864223ae8eb368611b4347a8256011223e993236146d1244c0b66678c3b71f070444ae9be4247d45de9fa243e57333ea7da96af7b40418070f87d2d6426b','Vittoria', 'Bianco', 'Milano');
INSERT INTO paziente(id_user, data_nascita, luogo_nascita, codice_fiscale, sesso, foto, id_medico, email) VALUES('13', '1990-01-24', 'Milano', 'BNCVTR90A64F205A', 'F', '','2', 'Vittoria.Bianco@fake.gmail.com');
INSERT INTO users (typ, username, pass, nome, cognome, provincia_appartenenza) VALUES('paziente', 'Leonardo.Moretti@fake.gmail.com', '10000:6131d75a373537b5:a1318735858d298fdaa9f9f4e904a8f6e14ace7e656785d8bd94ee90d0c20ca2361a42c224c165bb7b779b0cc5ff52194d01e89b452357c7901e10ee7dfef31f','Leonardo', 'Moretti', 'Brescia');
INSERT INTO paziente(id_user, data_nascita, luogo_nascita, codice_fiscale, sesso, foto, id_medico, email) VALUES('14', '1992-01-25', 'Brescia', 'MRTLRD92A25B157D', 'M', '','1', 'Leonardo.Moretti@fake.gmail.com');
INSERT INTO users (typ, username, pass, nome, cognome, provincia_appartenenza) VALUES('paziente', 'Francesco.Costa@fake.gmail.com', '10000:2f5efe04d86a26f6:178a76499908c55cb7f890590faa46cb6722d5e65d36f53d61f86b980aceabe798acfa873cff007387e3a6e1dd9e234b24784dc84afd68ecd5421e0d6c91c269','Francesco', 'Costa', 'Brescia');
INSERT INTO paziente(id_user, data_nascita, luogo_nascita, codice_fiscale, sesso, foto, id_medico, email) VALUES('15', '1926-09-02', 'Milano', 'CSTFNC26P02F205C', 'M', '','1', 'Francesco.Costa@fake.gmail.com');
INSERT INTO users (typ, username, pass, nome, cognome, provincia_appartenenza) VALUES('paziente', 'Michela.Bruno@fake.gmail.com', '10000:1ade9f660fd57465:ab5f03516d49a54e242b42346008b21e727bfa98a0e07e7176e23a62cdad1eb227b1f5ce581fe6ace0eecdcf847a8be728a6e5e59d0fc4208de9a416a09d7618','Michela', 'Bruno', 'Milano');
INSERT INTO paziente(id_user, data_nascita, luogo_nascita, codice_fiscale, sesso, foto, id_medico, email) VALUES('16', '2000-11-17', 'Roma', 'BRNMHL00S57H501C', 'F', '','2', 'Michela.Bruno@fake.gmail.com');
INSERT INTO users (typ, username, pass, nome, cognome, provincia_appartenenza) VALUES('paziente', 'Giovanni.Martini@fake.gmail.com', '10000:55ad1e22c088a389:c775970db6262d678d34c72f99c683192b8c558f904b7eaffc0967145d093b1a53e31b458004d2b7319ba75d712b274057b368b2cc34196cab5fb9b3d17b9484','Giovanni', 'Martini', 'Milano');
INSERT INTO paziente(id_user, data_nascita, luogo_nascita, codice_fiscale, sesso, foto, id_medico, email) VALUES('17', '1965-11-10', 'Milano', 'MRTGNN65S10F205P', 'M', '','2', 'Giovanni.Martini@fake.gmail.com');
INSERT INTO users (typ, username, pass, nome, cognome, provincia_appartenenza) VALUES('paziente', 'Alessia.Marino@fake.gmail.com', '10000:d9fbb00a5e4382f6:ca666d40571755a186d0ef20c5bc3f88042d1dddf104425bb4ab56c6d2bdb56725a346d779d94235a1d479e2a21c3c5d41eb46d7111e6a7e82fe7d07a381582a','Alessia', 'Marino', 'Milano');
INSERT INTO paziente(id_user, data_nascita, luogo_nascita, codice_fiscale, sesso, foto, id_medico, email) VALUES('18', '1941-03-26', 'Brescia', 'MRNLSS41C66B157Z', 'F', '','2', 'Alessia.Marino@fake.gmail.com');
INSERT INTO users (typ, username, pass, nome, cognome, provincia_appartenenza) VALUES('paziente', 'Davide.Grasso@fake.gmail.com', '10000:85354bd1ad3a229c:c4a69d0a9c1dbe89493fe3a6f886a47a906bff8ba4cbd7d406dff8cd15b2134a4e4a60e365791286e732b92d1c1a2988791bbef15568b75de473955f1f6dedb9','Davide', 'Grasso', 'Milano');
INSERT INTO paziente(id_user, data_nascita, luogo_nascita, codice_fiscale, sesso, foto, id_medico, email) VALUES('19', '1975-06-19', 'Brescia', 'GRSDVD75H19B157O', 'M', '','2', 'Davide.Grasso@fake.gmail.com');
INSERT INTO users (typ, username, pass, nome, cognome, provincia_appartenenza) VALUES('paziente', 'Emma.Esposito@fake.gmail.com', '10000:47718e5cd996adb2:de546d56f4d9e54e6baf022b6ebef935c24f61100ff579db3471895d486508229cf8bbbdb1eb5771bbc5be4c4a50e941d3183e391b2cedc831f90d601dc8b82a','Emma', 'Esposito', 'Roma');
INSERT INTO paziente(id_user, data_nascita, luogo_nascita, codice_fiscale, sesso, foto, id_medico, email) VALUES('20', '1983-03-19', 'Roma', 'SPSMME83C59H501Q', 'F', '','3', 'Emma.Esposito@fake.gmail.com');
INSERT INTO users (typ, username, pass, nome, cognome, provincia_appartenenza) VALUES('paziente', 'Leonardo.Gentile@fake.gmail.com', '10000:67e1ff5781e69061:d8d3816d300a30949de4b32f090f73aaf302c21e749c03fc8e98a72bd1ab19c1ba74d8457c29cbfcbc8df0bfc2e809c1e19eb892163789e226fff3969e203af8','Leonardo', 'Gentile', 'Milano');
INSERT INTO paziente(id_user, data_nascita, luogo_nascita, codice_fiscale, sesso, foto, id_medico, email) VALUES('21', '2008-06-25', 'Roma', 'GNTLRD08H25H501V', 'M', '','2', 'Leonardo.Gentile@fake.gmail.com');
INSERT INTO users (typ, username, pass, nome, cognome, provincia_appartenenza) VALUES('paziente', 'Davide.Barbieri@fake.gmail.com', '10000:9e5a98f9185342a5:23b462f96a62b6d76ab4e17d010e55e24aa8999c9725e909dd526982dd4b2f958f99f7a178a8c8a864cac352a5048d6de7b6ca905c1f7a40fc75df4e45460b09','Davide', 'Barbieri', 'Milano');
INSERT INTO paziente(id_user, data_nascita, luogo_nascita, codice_fiscale, sesso, foto, id_medico, email) VALUES('22', '1975-07-01', 'Brescia', 'BRBDVD75L01B157E', 'M', '','2', 'Davide.Barbieri@fake.gmail.com');
INSERT INTO users (typ, username, pass, nome, cognome, provincia_appartenenza) VALUES('paziente', 'Lorenzo.Santoro@fake.gmail.com', '10000:2ca31d8c4281f3e4:13320fa6f0709011882f0f369ff13fefdde9990b70e268cc14169060e0a8c6798625bb7fab1b027f74948e361930ae21914d8bce7a0e2289c78eccb6714ac4ed','Lorenzo', 'Santoro', 'Milano');
INSERT INTO paziente(id_user, data_nascita, luogo_nascita, codice_fiscale, sesso, foto, id_medico, email) VALUES('23', '2012-02-08', 'Roma', 'SNTLNZ12B08H501G', 'M', '','2', 'Lorenzo.Santoro@fake.gmail.com');
INSERT INTO users (typ, username, pass, nome, cognome, provincia_appartenenza) VALUES('paziente', 'Giuseppe.De Santis@fake.gmail.com', '10000:1d9ead9b32e6fbb9:117bc5418fac89315b5d00acfa1ca5944f5318fe4b22e5543bd6cbdce50d98876f5427109096d15eeab408ea0370e94dcf78945b02434cea3efd5964c770daa1','Giuseppe', 'De Santis', 'Brescia');
INSERT INTO paziente(id_user, data_nascita, luogo_nascita, codice_fiscale, sesso, foto, id_medico, email) VALUES('24', '1920-08-21', 'Roma', 'DSNGPP20M21H501K', 'M', '','1', 'Giuseppe.De Santis@fake.gmail.com');
INSERT INTO users (typ, username, pass, nome, cognome, provincia_appartenenza) VALUES('paziente', 'Andrea.Mariani@fake.gmail.com', '10000:72b6649aa93077ed:cea46a2ca5f5502801ceeb77eeb27b7bb3d7a02ab48f7a0ea0c3b06ae50f5179420661bea4264cfb09127cd9d355473d7f2d4bea3d715b2970d4cb61a22af384','Andrea', 'Mariani', 'Brescia');
INSERT INTO paziente(id_user, data_nascita, luogo_nascita, codice_fiscale, sesso, foto, id_medico, email) VALUES('25', '2007-11-13', 'Roma', 'MRNNDR07S13H501K', 'M', '','1', 'Andrea.Mariani@fake.gmail.com');
INSERT INTO users (typ, username, pass, nome, cognome, provincia_appartenenza) VALUES('paziente', 'Matteo.Mariani@fake.gmail.com', '10000:76b79c0ec8ad6fa5:4740ce59f03e3834274929e325ea10415e8f3ecbf4a42be29137b7b26cab53873a7618cd08838c012fb5046f280025cfdde5ac15926f4c0e6a0e7936bc89fba1','Matteo', 'Mariani', 'Brescia');
INSERT INTO paziente(id_user, data_nascita, luogo_nascita, codice_fiscale, sesso, foto, id_medico, email) VALUES('26', '1944-06-24', 'Roma', 'MRNMTT44H24H501F', 'M', '','4', 'Matteo.Mariani@fake.gmail.com');
INSERT INTO users (typ, username, pass, nome, cognome, provincia_appartenenza) VALUES('paziente', 'Riccardo.Conte@fake.gmail.com', '10000:5245d91983eb3673:32057bcf192295c5fa6d3811df63ba3ae1330e5321b44daad9015fee4621178fe2ea39e36855a6bc584e44eb94189d3074a5b90e5d0167d392fd7ee7cde9baa6','Riccardo', 'Conte', 'Brescia');
INSERT INTO paziente(id_user, data_nascita, luogo_nascita, codice_fiscale, sesso, foto, id_medico, email) VALUES('27', '1990-12-01', 'Roma', 'CNTRCR90T01H501W', 'M', '','1', 'Riccardo.Conte@fake.gmail.com');
INSERT INTO users (typ, username, pass, nome, cognome, provincia_appartenenza) VALUES('paziente', 'Antonio.Villa@fake.gmail.com', '10000:257617f64c6d2b95:af2c57ce922c3922c27db00b232a374ca185d51e39fb91fe3b4c608ea0f393f09b557f5de793a25f9bd9d21471709c0c48dcdf77b9253fae8ab563026462a7d6','Antonio', 'Villa', 'Roma');
INSERT INTO paziente(id_user, data_nascita, luogo_nascita, codice_fiscale, sesso, foto, id_medico, email) VALUES('28', '1968-04-15', 'Roma', 'VLLNTN68D15H501Z', 'M', '','3', 'Antonio.Villa@fake.gmail.com');
INSERT INTO users (typ, username, pass, nome, cognome, provincia_appartenenza) VALUES('paziente', 'Matteo.Colombo@fake.gmail.com', '10000:7b2c304ae2120e12:986a1e3d12f6bb293b0db72a0ff36f3f089cf6bf1c9a73d7d3812374ae112c86a25c6873fa909ff52971786a916b09a4b287de58672a0db406f0c37c44553cb7','Matteo', 'Colombo', 'Roma');
INSERT INTO paziente(id_user, data_nascita, luogo_nascita, codice_fiscale, sesso, foto, id_medico, email) VALUES('29', '2016-09-24', 'Milano', 'CLMMTT16P24F205S', 'M', '','3', 'Matteo.Colombo@fake.gmail.com');
INSERT INTO users (typ, username, pass, nome, cognome, provincia_appartenenza) VALUES('paziente', 'Matteo.Bianco@fake.gmail.com', '10000:fb531894a0684ea2:f31bde3dd45468ca7ff843787ae79403f3d00281f63b58076b805f6859dbd915bd4850aabc95c8c0bc52a9b9e25d82fbdb850e1db05f5833d4d53c19a7bf820d','Matteo', 'Bianco', 'Roma');
INSERT INTO paziente(id_user, data_nascita, luogo_nascita, codice_fiscale, sesso, foto, id_medico, email) VALUES('30', '1941-03-10', 'Milano', 'BNCMTT41C10F205Z', 'M', '','3', 'Matteo.Bianco@fake.gmail.com');
INSERT INTO users (typ, username, pass, nome, cognome, provincia_appartenenza) VALUES('paziente', 'Matteo.Fabbri@fake.gmail.com', '10000:4d549d011381fcda:16735a08e76a6f367d897a72077c19657d3933c03adaac52dee1b49393b316ef7e76d057192b34031bc665ce04552fc9ef6b67ff0899570298283d7ae68a5df5','Matteo', 'Fabbri', 'Roma');
INSERT INTO paziente(id_user, data_nascita, luogo_nascita, codice_fiscale, sesso, foto, id_medico, email) VALUES('31', '1982-12-28', 'Brescia', 'FBBMTT82T28B157I', 'M', '','3', 'Matteo.Fabbri@fake.gmail.com');
INSERT INTO users (typ, username, pass, nome, cognome, provincia_appartenenza) VALUES('paziente', 'Gabriele.Bianco@fake.gmail.com', '10000:dfb305cc3d0659aa:06973ae00e85cdd039b1b2f9972e14f3035bff656e72c7dc1f0ce69eda5e5294b06f2dd77771138c8b80f63e75738bdcf4984e3c6f8ed1d6e7a386d615fc4131','Gabriele', 'Bianco', 'Brescia');
INSERT INTO paziente(id_user, data_nascita, luogo_nascita, codice_fiscale, sesso, foto, id_medico, email) VALUES('32', '1956-05-20', 'Brescia', 'BNCGRL56E20B157T', 'M', '','4', 'Gabriele.Bianco@fake.gmail.com');
INSERT INTO users (typ, username, pass, nome, cognome, provincia_appartenenza) VALUES('paziente', 'Vittoria.Mariani@fake.gmail.com', '10000:b2f592cc2e977db6:775e36cbd5e0634805c7441f3505afe5053c5d6ee166c0d1e7eb6da0e44e6d55212577ca47e6cfee6739cc4912949bb18faa809622ab9fd07fceffa3b2f6ebcf','Vittoria', 'Mariani', 'Brescia');
INSERT INTO paziente(id_user, data_nascita, luogo_nascita, codice_fiscale, sesso, foto, id_medico, email) VALUES('33', '1928-03-02', 'Brescia', 'MRNVTR28C42B157B', 'F', '','4', 'Vittoria.Mariani@fake.gmail.com');
INSERT INTO users (typ, username, pass, nome, cognome, provincia_appartenenza) VALUES('paziente', 'Tommaso.Gentile@fake.gmail.com', '10000:d92ccb2a6a6ddd92:ecfc5aca4a1f15ad014c19c03a31d5deb3abb86188e1a7ad0ab7b54c530ab891ed8c95a72e2a3b5620e2acfbdfd09d8e90fa690745042fbecb842c12a7ab66d5','Tommaso', 'Gentile', 'Brescia');
INSERT INTO paziente(id_user, data_nascita, luogo_nascita, codice_fiscale, sesso, foto, id_medico, email) VALUES('34', '1976-05-01', 'Milano', 'GNTTMS76E01F205W', 'M', '','4', 'Tommaso.Gentile@fake.gmail.com');
INSERT INTO users (typ, username, pass, nome, cognome, provincia_appartenenza) VALUES('paziente', 'Giovanna.Marchetti@fake.gmail.com', '10000:94d6783552cd00d6:43e0ae88e4a1f9a5850844c52a8c99ef3e7cfc69dc4f924dd51cf2a0e63ae484d2a9566e5acc3de598d9903dd031b3c120074bbf3f9fef45de0c5e2da3138b3f','Giovanna', 'Marchetti', 'Milano');
INSERT INTO paziente(id_user, data_nascita, luogo_nascita, codice_fiscale, sesso, foto, id_medico, email) VALUES('35', '1949-07-10', 'Milano', 'MRCGNN49L50F205A', 'F', '','2', 'Giovanna.Marchetti@fake.gmail.com');
INSERT INTO users (typ, username, pass, nome, cognome, provincia_appartenenza) VALUES('paziente', 'Lorenzo.Marino@fake.gmail.com', '10000:e367a0d3a1e75d15:f3a846196530b8bbb490407a4fa8d15c41264e33b391c7310c4985c7e63f876e744b01eefad035a9ee03d756eef2923265994c8a05132b0c4f188de022a3af1b','Lorenzo', 'Marino', 'Brescia');
INSERT INTO paziente(id_user, data_nascita, luogo_nascita, codice_fiscale, sesso, foto, id_medico, email) VALUES('36', '1936-01-04', 'Milano', 'MRNLNZ36A04F205B', 'M', '','4', 'Lorenzo.Marino@fake.gmail.com');
INSERT INTO users (typ, username, pass, nome, cognome, provincia_appartenenza) VALUES('paziente', 'Chiara.Rossi@fake.gmail.com', '10000:6c0fabd2b0042485:e8157291d4e03ab790e09b3ad193b7f5e6b7f0a3c818725b660570bcd4686836bd09ad9924e8836ca4747c50216b8c09507618dc8fecd51adf542cf1c574355b','Chiara', 'Rossi', 'Milano');
INSERT INTO paziente(id_user, data_nascita, luogo_nascita, codice_fiscale, sesso, foto, id_medico, email) VALUES('37', '1993-03-05', 'Milano', 'RSSCHR93C45F205N', 'F', '','2', 'Chiara.Rossi@fake.gmail.com');
INSERT INTO users (typ, username, pass, nome, cognome, provincia_appartenenza) VALUES('paziente', 'Federico.Greco@fake.gmail.com', '10000:c417adbb7d1a478f:c301b153dec1b585eea357ea404372eefcf29bf7a275300825b429face0eaf86094ba86d12acf5bdb7ef7caa0e0cc412f40c5a275df27bf4965a9683156bede3','Federico', 'Greco', 'Roma');
INSERT INTO paziente(id_user, data_nascita, luogo_nascita, codice_fiscale, sesso, foto, id_medico, email) VALUES('38', '1942-03-23', 'Roma', 'GRCFRC42C23H501T', 'M', '','3', 'Federico.Greco@fake.gmail.com');
INSERT INTO users (typ, username, pass, nome, cognome, provincia_appartenenza) VALUES('paziente', 'Anna.Lombardi@fake.gmail.com', '10000:67c093e53f8edd73:3a5a2496dc0c0e36ff1da748bc51cd15403cc3c75564cb70e220668b601e98f6719a0a9b11f321d2d47cceedadee53f8d8902760b5129e6924a9a0ac1455d600','Anna', 'Lombardi', 'Brescia');
INSERT INTO paziente(id_user, data_nascita, luogo_nascita, codice_fiscale, sesso, foto, id_medico, email) VALUES('39', '2012-02-13', 'Brescia', 'LMBNNA12B53B157I', 'F', '','4', 'Anna.Lombardi@fake.gmail.com');
INSERT INTO users (typ, username, pass, nome, cognome, provincia_appartenenza) VALUES('paziente', 'Alice.Marino@fake.gmail.com', '10000:594c721a3e6ec1a7:d7091e893652dcb7770fc42c266ff67b6ff1fd447f1f2274d3d02fb38f896879ac0e6c70ea7eaad010ccc01aba51a447771e149d77b4b4bbbdf5bf078a38b757','Alice', 'Marino', 'Brescia');
INSERT INTO paziente(id_user, data_nascita, luogo_nascita, codice_fiscale, sesso, foto, id_medico, email) VALUES('40', '1950-09-03', 'Milano', 'MRNLCA50P43F205R', 'F', '','1', 'Alice.Marino@fake.gmail.com');
INSERT INTO users (typ, username, pass, nome, cognome, provincia_appartenenza) VALUES('paziente', 'Sara.Caruso@fake.gmail.com', '10000:4f0d2258ce8351a3:da20b46e3b2a3e7ac6026e95b940a134eeeb073f8d3f48e3270c50d83ff01aa3e623b6f24d204a37f76196c593073c16db5acad4f6c8513e1dbbbd1c481127a9','Sara', 'Caruso', 'Roma');
INSERT INTO paziente(id_user, data_nascita, luogo_nascita, codice_fiscale, sesso, foto, id_medico, email) VALUES('41', '1953-05-01', 'Brescia', 'CRSSRA53E41B157I', 'F', '','3', 'Sara.Caruso@fake.gmail.com');
INSERT INTO users (typ, username, pass, nome, cognome, provincia_appartenenza) VALUES('paziente', 'Christian.Lombardi@fake.gmail.com', '10000:c0220e1663f83a80:b3e390b66bdd3ad022ebc4cfd3940860123428ab7715f308ba6b669f53f1de355e90c9074a6e0b9e811fc2250b8de02516b7482d385b490baa9fe12813e4f86d','Christian', 'Lombardi', 'Brescia');
INSERT INTO paziente(id_user, data_nascita, luogo_nascita, codice_fiscale, sesso, foto, id_medico, email) VALUES('42', '1960-01-19', 'Roma', 'LMBCRS60A19H501Y', 'M', '','4', 'Christian.Lombardi@fake.gmail.com');
INSERT INTO users (typ, username, pass, nome, cognome, provincia_appartenenza) VALUES('paziente', 'Chiara.Romano@fake.gmail.com', '10000:5f78975dac7bd193:7f6ef9361ee7eb581425811a0e515c3b383162393f7a16cd6f73b3a150fed0f230dfdc09ca71fef4464db1461add4a93ac5648d8a2a0ff29ced4d09d64a782d7','Chiara', 'Romano', 'Roma');
INSERT INTO paziente(id_user, data_nascita, luogo_nascita, codice_fiscale, sesso, foto, id_medico, email) VALUES('43', '1979-02-13', 'Milano', 'RMNCHR79B53F205H', 'F', '','3', 'Chiara.Romano@fake.gmail.com');
INSERT INTO users (typ, username, pass, nome, cognome, provincia_appartenenza) VALUES('paziente', 'Emma.Conte@fake.gmail.com', '10000:60e89f6446a36598:210eb7eb5af116a62a5c28e30573cbb827bc9e681a19252e612d519c069ed284e95c14c730efec6e244480ffc1620c5ace708712a85ccb2eefbcf2b41d507642','Emma', 'Conte', 'Milano');
INSERT INTO paziente(id_user, data_nascita, luogo_nascita, codice_fiscale, sesso, foto, id_medico, email) VALUES('44', '2007-04-25', 'Roma', 'CNTMME07D65H501Q', 'F', '','5', 'Emma.Conte@fake.gmail.com');
INSERT INTO users (typ, username, pass, nome, cognome, provincia_appartenenza) VALUES('paziente', 'Beatrice.Ferraro@fake.gmail.com', '10000:9b0d64bd8ca8248f:bab7f83d69b73a4e8069b16d3876d09abd2c015518e3578204cb9688ee0d2ee368fe7a0a79e63cd3fae5c8d1667b05686e8db5753638e64e3822ca53756f97e6','Beatrice', 'Ferraro', 'Roma');
INSERT INTO paziente(id_user, data_nascita, luogo_nascita, codice_fiscale, sesso, foto, id_medico, email) VALUES('45', '1969-06-07', 'Brescia', 'FRRBRC69H47B157E', 'F', '','3', 'Beatrice.Ferraro@fake.gmail.com');
INSERT INTO users (typ, username, pass, nome, cognome, provincia_appartenenza) VALUES('paziente', 'Aurelio.Villa@fake.gmail.com', '10000:17ef85dfb56b24e6:b3416fb332946d8697e1cefbf1df244193015b92614231510b790544e7b0d8972a15176bc7ab80da65e1b1af4bd327629df942d5b8785d7676f8ac3b79b60ebb','Aurelio', 'Villa', 'Brescia');
INSERT INTO paziente(id_user, data_nascita, luogo_nascita, codice_fiscale, sesso, foto, id_medico, email) VALUES('46', '1988-03-22', 'Roma', 'VLLRLA88C22H501B', 'M', '','1', 'Aurelio.Villa@fake.gmail.com');
INSERT INTO users (typ, username, pass, nome, cognome, provincia_appartenenza) VALUES('paziente', 'Anna.Fontana@fake.gmail.com', '10000:97d5f86d71ba9ee1:f9ec665df15e84ad4afdf606ab0979d21c4eb5a87d7c8ffdbc0aeb3b067bdf27e58926c8605c70e9965edf4b1e18809a6747125233a5b476ad7e611369d12a08','Anna', 'Fontana', 'Brescia');
INSERT INTO paziente(id_user, data_nascita, luogo_nascita, codice_fiscale, sesso, foto, id_medico, email) VALUES('47', '1966-08-20', 'Milano', 'FNTNNA66M60F205M', 'F', '','4', 'Anna.Fontana@fake.gmail.com');
INSERT INTO users (typ, username, pass, nome, cognome, provincia_appartenenza) VALUES('paziente', 'Diego.Bianco@fake.gmail.com', '10000:ba44e96941f76b8c:df79dbc6620968a3aa3031b1dbf8a0a149c04845501ba7f475bce92c89d6d36e1e239abcd474b8eea17f9e839a529854644f8258941e8014d01e293dc31b71cf','Diego', 'Bianco', 'Milano');
INSERT INTO paziente(id_user, data_nascita, luogo_nascita, codice_fiscale, sesso, foto, id_medico, email) VALUES('48', '2003-11-01', 'Milano', 'BNCDGI03S01F205F', 'M', '','5', 'Diego.Bianco@fake.gmail.com');
INSERT INTO users (typ, username, pass, nome, cognome, provincia_appartenenza) VALUES('paziente', 'Michela.Marino@fake.gmail.com', '10000:a0f8481999df0288:dca4d8a15290aac617f41339ecb111f847fb7785c314b1d1203bdd5162ca936c7feb7ba75b795c099471f77606ef8870e637f1047e046a58c3c151a212c61823','Michela', 'Marino', 'Brescia');
INSERT INTO paziente(id_user, data_nascita, luogo_nascita, codice_fiscale, sesso, foto, id_medico, email) VALUES('49', '1956-03-06', 'Roma', 'MRNMHL56C46H501C', 'F', '','4', 'Michela.Marino@fake.gmail.com');
INSERT INTO users (typ, username, pass, nome, cognome, provincia_appartenenza) VALUES('paziente', 'Samuele.Greco@fake.gmail.com', '10000:21db372b2139b521:0e89123c987303cab1e6fdfa0222ec304ecfad6f4a59cc4558f9e6576cfb706696d2d1e83d333cc8e55028fac4f2b26f6c0b8011b7f1c55010c739d9cffced70','Samuele', 'Greco', 'Brescia');
INSERT INTO paziente(id_user, data_nascita, luogo_nascita, codice_fiscale, sesso, foto, id_medico, email) VALUES('50', '1965-08-06', 'Brescia', 'GRCSML65M06B157E', 'M', '','1', 'Samuele.Greco@fake.gmail.com');
INSERT INTO users (typ, username, pass, nome, cognome, provincia_appartenenza) VALUES('paziente', 'Giuseppe.Coppola@fake.gmail.com', '10000:414b1f77ad962006:87522d04788b61a966cc94eaa2dbd838c367fa98f16e0be1dc60285217937348b0eeaad82a8cee0abbffe7d9fbd3dfe0ecce57db502f8482b142aee95316c122','Giuseppe', 'Coppola', 'Roma');
INSERT INTO paziente(id_user, data_nascita, luogo_nascita, codice_fiscale, sesso, foto, id_medico, email) VALUES('51', '1941-03-31', 'Roma', 'CPPGPP41C31H501H', 'M', '','3', 'Giuseppe.Coppola@fake.gmail.com');
INSERT INTO users (typ, username, pass, nome, cognome, provincia_appartenenza) VALUES('paziente', 'Nicolo.Greco@fake.gmail.com', '10000:4ee9afeda7a9a6c8:e80a87f39811bafbb4a466ef1e3846704d2654beb88a6245b9ab095163f11a6b881e8e3a83902e90072a0fd0d19960c93f11377f4d298381d45431783b98bff7','Nicolo', 'Greco', 'Brescia');
INSERT INTO paziente(id_user, data_nascita, luogo_nascita, codice_fiscale, sesso, foto, id_medico, email) VALUES('52', '1993-10-04', 'Roma', 'GRCNCL93R04H501X', 'M', '','4', 'Nicolo.Greco@fake.gmail.com');
INSERT INTO users (typ, username, pass, nome, cognome, provincia_appartenenza) VALUES('paziente', 'Edoardo.Fontana@fake.gmail.com', '10000:6628e124e39e96c0:be1b1c38b5da7a540a12ad0792181b8bbc822fe4f1d0df023cb45a78734a8c8b3fe594244637879ba0b0c99708543644fcf518b4f2fa25ef342355dec8915a15','Edoardo', 'Fontana', 'Milano');
INSERT INTO paziente(id_user, data_nascita, luogo_nascita, codice_fiscale, sesso, foto, id_medico, email) VALUES('53', '1948-06-21', 'Brescia', 'FNTDRD48H21B157J', 'M', '','5', 'Edoardo.Fontana@fake.gmail.com');
INSERT INTO users (typ, username, pass, nome, cognome, provincia_appartenenza) VALUES('paziente', 'Christian.Martini@fake.gmail.com', '10000:857174ea31ec7606:bd673a134a0d6af058af99684c18ad3c321db307cbb894d20025e88743fe9a13b2541386b2875f1e5f5beba2edc9d8b499cf3767f630ed4873e632a84b342abc','Christian', 'Martini', 'Milano');
INSERT INTO paziente(id_user, data_nascita, luogo_nascita, codice_fiscale, sesso, foto, id_medico, email) VALUES('54', '1924-05-01', 'Roma', 'MRTCRS24E01H501L', 'M', '','5', 'Christian.Martini@fake.gmail.com');
INSERT INTO users (typ, username, pass, nome, cognome, provincia_appartenenza) VALUES('paziente', 'Gabriele.Mancini@fake.gmail.com', '10000:36bf383a90c8e316:ddd5d7a2a9db93b186f204c6a076bfd5fe5feb3c4c143249265fc4b59f1c343f934470d18f3810581b77d848ea57585c6929d214d405ed14505c782252a0006d','Gabriele', 'Mancini', 'Milano');
INSERT INTO paziente(id_user, data_nascita, luogo_nascita, codice_fiscale, sesso, foto, id_medico, email) VALUES('55', '1996-02-04', 'Milano', 'MNCGRL96B04F205Q', 'M', '','5', 'Gabriele.Mancini@fake.gmail.com');
INSERT INTO users (typ, username, pass, nome, cognome, provincia_appartenenza) VALUES('paziente', 'Antonio.Barbieri@fake.gmail.com', '10000:33de1c9b8752700e:adc175091c5ddbe42497640c6745fb241bc8d009040505e36639745b9d287ea8d1e99fa6f54b19460e4c90a0cdd47049bff19fb310d62ccac3f81d2b043068ed','Antonio', 'Barbieri', 'Milano');
INSERT INTO paziente(id_user, data_nascita, luogo_nascita, codice_fiscale, sesso, foto, id_medico, email) VALUES('56', '1966-12-26', 'Milano', 'BRBNTN66T26F205C', 'M', '','5', 'Antonio.Barbieri@fake.gmail.com');
INSERT INTO users (typ, username, pass, nome, cognome, provincia_appartenenza) VALUES('paziente', 'Nicola.Valentini@fake.gmail.com', '10000:cfd2a7a1cfbb4fb2:2e9bc011f98154259f4b2db7e9b30227deee654b9104af44332a7dbcd53ee03149b60cb82778c74683c2bab83caecbda0f441aaaa8d3b65277c85bcb04bcd92f','Nicola', 'Valentini', 'Milano');
INSERT INTO paziente(id_user, data_nascita, luogo_nascita, codice_fiscale, sesso, foto, id_medico, email) VALUES('57', '2010-12-13', 'Roma', 'VLNNCL10T13H501I', 'M', '','5', 'Nicola.Valentini@fake.gmail.com');
INSERT INTO users (typ, username, pass, nome, cognome, provincia_appartenenza) VALUES('paziente', 'Diego.Barbieri@fake.gmail.com', '10000:f316095b95825113:dcb8c896a2cd98d02fd3929398e762a288c3ddd599a40b8fd04d2e68599c31c2be5b35116b71c511c0f52a2450ceac802e32657f4360dc60eade5fa3387f20ed','Diego', 'Barbieri', 'Milano');
INSERT INTO paziente(id_user, data_nascita, luogo_nascita, codice_fiscale, sesso, foto, id_medico, email) VALUES('58', '1985-05-28', 'Roma', 'BRBDGI85E28H501N', 'M', '','5', 'Diego.Barbieri@fake.gmail.com');
INSERT INTO users (typ, username, pass, nome, cognome, provincia_appartenenza) VALUES('paziente', 'Beppe.Romano@fake.gmail.com', '10000:f77bbffce09b05dc:a3889d948e55532dfdf313283c8430200d57c1f6eca099ec42071c0e05d321103f3197f302ab3567458b16772fe99f5ad14bbe92f23779565911fccf6c03b502','Beppe', 'Romano', 'Milano');
INSERT INTO paziente(id_user, data_nascita, luogo_nascita, codice_fiscale, sesso, foto, id_medico, email) VALUES('59', '1932-03-12', 'Milano', 'RMNBPP32C12F205Y', 'M', '','5', 'Beppe.Romano@fake.gmail.com');
INSERT INTO users (typ, username, pass, nome, cognome, provincia_appartenenza) VALUES('paziente', 'Lorenzo.Moretti@fake.gmail.com', '10000:ed1d3f589a3346ab:aa912fc6bfbac51f983b6e5095f99fb5cd0a8f48029671c3af3c62ff43c230379305bc643b52a9a464067fd4a26be7e9c056b10c442c48c6594ef5eeba85ca24','Lorenzo', 'Moretti', 'Milano');
INSERT INTO paziente(id_user, data_nascita, luogo_nascita, codice_fiscale, sesso, foto, id_medico, email) VALUES('60', '1921-05-24', 'Milano', 'MRTLNZ21E24F205Y', 'M', '','5', 'Lorenzo.Moretti@fake.gmail.com');
