INSERT INTO servizio_sanitario_provinciale (provincia_appartenenza) VALUES ('Brescia');
INSERT INTO servizio_sanitario_provinciale (provincia_appartenenza) VALUES ('Milano');
INSERT INTO servizio_sanitario_provinciale (provincia_appartenenza) VALUES ('Roma');
INSERT INTO users (typ, username, pass, nome, cognome, provincia_appartenenza) VALUES ('medico_base','Leonardo.undefined@fake.gmail.com','10000:2034a38063c95037:15d07d67ade228c14c5358aba49ca380b9f2fa0d6661b808b3c209a47906d678d9d9a06ce2bc332f7a6414df22bfc420cd3eb8772f142d06a66342d5b7f6c9a0','Leonardo', 'undefined', 'Brescia');
INSERT INTO users (typ, username, pass, nome, cognome, provincia_appartenenza) VALUES ('medico_base','Lorenzo.Gallo@fake.gmail.com','10000:d45231ccd135d3d5:18980ef92369370b4895cf1e146b3d6ce01c39286ad68002f5d5bcf27c7a3be18f341a2162daf0a4a397e4b58fceb135d4bb3c1416a087f5f5551e5812b7d03d','Lorenzo', 'Gallo', 'Milano');
INSERT INTO users (typ, username, pass, nome, cognome, provincia_appartenenza) VALUES ('medico_base','Marco.Barbieri@fake.gmail.com','10000:47c24a6c98246fb0:5b12d197cd4a6a66d3e944e7d1dd2ce3a52cc7209bc6707bda9bd0bb432d9a02e9eeb19796ffbcea27c5dad64729cd763dfb1d4948d15479e2998a33a5c60c25','Marco', 'Barbieri', 'Roma');
INSERT INTO users (typ, username, pass, nome, cognome, provincia_appartenenza) VALUES ('medico_base','Martina.Bruno@fake.gmail.com','10000:1b701c5e559060e7:8b0e63d039ac151a0bf385c499359eb0b8a81329f3969b1eadbc84c0af167004846af1567a2a4ba7f590923cf883c14b14a70e2376f865a1b2d8fd69e86c160b','Martina', 'Bruno', 'Brescia');
INSERT INTO users (typ, username, pass, nome, cognome, provincia_appartenenza) VALUES ('medico_base','Greta.Rossi@fake.gmail.com','10000:525aaecce32ad1ef:235afbd3a700141037e3046e3ef91fb4424c57e5bc25babc0efc32d1d1791a67ba2a453677db47476abbd24e8c6c5f1c7544554118081334358cd33c1463d072','Greta', 'Rossi', 'Milano');
INSERT INTO users (typ, username, pass, nome, cognome, provincia_appartenenza) VALUES ('medico_specialista','Davide.Romano@fake.gmail.com','10000:b7556f26bf006e2b:8fed2d34b6376c2695ed36e3df6ac24c9259b16a30fe210cf953c910bd2a3d17ea06c415ee0a2333e6e91cd30135155ce5330d661d80ebc16eb6bc48a9d3cbbc','Davide', 'Romano', 'Brescia');
INSERT INTO users (typ, username, pass, nome, cognome, provincia_appartenenza) VALUES ('medico_specialista','Antonio.undefined@fake.gmail.com','10000:2c157b69947a5c5c:f8619aa210858d2e211a52ef84158a638c6e2d487aa9b82be79f8b239f2cdfd769b8f092340b8053f90216f8bbbad163d937793729c287dda2e3634a2bef5282','Antonio', 'undefined', 'Milano');
INSERT INTO users (typ, username, pass, nome, cognome, provincia_appartenenza) VALUES ('medico_specialista','Beatrice.Bianchi@fake.gmail.com','10000:004d048dcbcddbe3:9f9bce398f09797eee3bf18988649855c3ddc4be4a9ec8da92616b532a193fc91b29c6a46725629f4d61ab2df4f52817b29d609e429f33e7b0ca9ce69e6db0b1','Beatrice', 'Bianchi', 'Roma');
INSERT INTO users (typ, username, pass, nome, cognome, provincia_appartenenza) VALUES ('medico_specialista','Alessia.Valentini@fake.gmail.com','10000:439290ab9783d160:0a8909d04be71d6853b9cccc50391a26f3ef853eff8d12a58b6b2359b62598941a32c5abf273539b64caf91fce904c3ac1246d4ba637d925acf10b24232d526c','Alessia', 'Valentini', 'Brescia');
INSERT INTO users (typ, username, pass, nome, cognome, provincia_appartenenza) VALUES ('medico_specialista','Alessia.Gentile@fake.gmail.com','10000:ebc228f424009994:9c76d8fb936f72f8d55d3cc0f57ed76c361cfba08bf0c8d6dd51ff296aa2a21b08ef7b0782a418718e2818acb7aa97ae476d98798926e98b3b540fc8f4fdfd78','Alessia', 'Gentile', 'Milano');
INSERT INTO users (typ, username, pass, nome, cognome, provincia_appartenenza) VALUES('paziente', 'Michela.Marini@fake.gmail.com', '10000:faa2a596ece3b070:f856156ab776b55f9b5beb8cfd2e3b77d8c18ab2569c89fbc585024e8700d1801d421fda4318a5530641591f7c7efc3b414f3e15cb3df80925a6dcb7dd644e2b','Michela', 'Marini', 'Brescia');
INSERT INTO paziente(id_user, data_nascita, luogo_nascita, codice_fiscale, sesso, foto, id_medico, email) VALUES('11', '1996-02-04', 'Brescia', 'MRNMHL96B44B157C', 'F', '','1', 'Michela.Marini@fake.gmail.com');
INSERT INTO users (typ, username, pass, nome, cognome, provincia_appartenenza) VALUES('paziente', 'Diego.De Santis@fake.gmail.com', '10000:a74525f6ebd01da8:855ade677b12e5a7199c5d8b167515292a7367e2dbab9a5321ba9e2017ec3c1c74ce66a00f32581b8039da20e1dd8b71aa4d365371b9fea5ce513d2bc7f306ba','Diego', 'De Santis', 'Brescia');
INSERT INTO paziente(id_user, data_nascita, luogo_nascita, codice_fiscale, sesso, foto, id_medico, email) VALUES('12', '1977-04-10', 'Roma', 'DSNDGI77D10H501U', 'M', '','1', 'Diego.De Santis@fake.gmail.com');
INSERT INTO users (typ, username, pass, nome, cognome, provincia_appartenenza) VALUES('paziente', 'Davide.Ferraro@fake.gmail.com', '10000:5e5f401e99b75863:0cbc033a5f6e82e25399ed1eb6586117ce778a7ab4affcf9ce6ee577b14eee6bec249f76f7c5989a987823e9c208d1d9ffb2a5237363a611d1f99ba31899758a','Davide', 'Ferraro', 'Brescia');
INSERT INTO paziente(id_user, data_nascita, luogo_nascita, codice_fiscale, sesso, foto, id_medico, email) VALUES('13', '1923-01-26', 'Milano', 'FRRDVD23A26F205Z', 'M', '','1', 'Davide.Ferraro@fake.gmail.com');
INSERT INTO users (typ, username, pass, nome, cognome, provincia_appartenenza) VALUES('paziente', 'Emma.Coppola@fake.gmail.com', '10000:82bae8a27f2a1c3a:f92af56992777ee6ee55c3fbe71cdc67683ebdf6f1178f58e5ab7f1c42899ae3d79bad8c7018c1ef364a08390f5e12f196efd3fc3b0455b06814c921342fd710','Emma', 'Coppola', 'Brescia');
INSERT INTO paziente(id_user, data_nascita, luogo_nascita, codice_fiscale, sesso, foto, id_medico, email) VALUES('14', '1976-11-18', 'Roma', 'CPPMME76S58H501G', 'F', '','1', 'Emma.Coppola@fake.gmail.com');
INSERT INTO users (typ, username, pass, nome, cognome, provincia_appartenenza) VALUES('paziente', 'Tommaso.Marchetti@fake.gmail.com', '10000:b5e93cdfbd3f01ce:55528c10a207086dd461e94ad3457ab80a802628bab7947efca65b9d35ad3904d8946b7ed0468f7a3f97d9c6f91711c90ecac4f34dfef5d265dafce4715ed937','Tommaso', 'Marchetti', 'Brescia');
INSERT INTO paziente(id_user, data_nascita, luogo_nascita, codice_fiscale, sesso, foto, id_medico, email) VALUES('15', '2009-09-21', 'Brescia', 'MRCTMS09P21B157D', 'M', '','1', 'Tommaso.Marchetti@fake.gmail.com');
INSERT INTO users (typ, username, pass, nome, cognome, provincia_appartenenza) VALUES('paziente', 'Nicole.Leone@fake.gmail.com', '10000:05f330c456a6edab:e7113f860dd497d1dfa8a48dd06f38af4bed34c452226b62b93e27d8cc6e8ac012dacc0a063754f3cb2504dc6ea79a6884d888c009405910314fada338a521da','Nicole', 'Leone', 'Brescia');
INSERT INTO paziente(id_user, data_nascita, luogo_nascita, codice_fiscale, sesso, foto, id_medico, email) VALUES('16', '1927-07-25', 'Roma', 'LNENCL27L65H501G', 'F', '','1', 'Nicole.Leone@fake.gmail.com');
INSERT INTO users (typ, username, pass, nome, cognome, provincia_appartenenza) VALUES('paziente', 'Riccardo.Rossi@fake.gmail.com', '10000:30c473519592d0d8:e5d14122de2f7c559fd2a469376ae227dfe7f85fe845bce2d3f11c6a03c9b5d02350ac295a04de61acae6f89ad1a88005ff25c6d72516694003b22a55f4f2c21','Riccardo', 'Rossi', 'Brescia');
INSERT INTO paziente(id_user, data_nascita, luogo_nascita, codice_fiscale, sesso, foto, id_medico, email) VALUES('17', '1987-04-20', 'Roma', 'RSSRCR87D20H501D', 'M', '','1', 'Riccardo.Rossi@fake.gmail.com');
INSERT INTO users (typ, username, pass, nome, cognome, provincia_appartenenza) VALUES('paziente', 'Michela.Rizzo@fake.gmail.com', '10000:a71e64c2f911ca78:d58ee03b6fcdace6b213756e049564f9a4a5584ffb6665495505795bd87c809498af1deb6e5517feb62f5ad84ecadde8376faa52709151f265d50e6844cfc858','Michela', 'Rizzo', 'Brescia');
INSERT INTO paziente(id_user, data_nascita, luogo_nascita, codice_fiscale, sesso, foto, id_medico, email) VALUES('18', '1960-12-23', 'Milano', 'RZZMHL60T63F205F', 'F', '','1', 'Michela.Rizzo@fake.gmail.com');
INSERT INTO users (typ, username, pass, nome, cognome, provincia_appartenenza) VALUES('paziente', 'Riccardo.Esposito@fake.gmail.com', '10000:fd068faf6b45206b:068cdd92dfa999e500b316f2ad4ce55bb4cb69fd407ea02b5f75982c0840772f6d98c2a4f170f9a9a2a837440d117453168bb3463a628002938f0975602974d5','Riccardo', 'Esposito', 'Brescia');
INSERT INTO paziente(id_user, data_nascita, luogo_nascita, codice_fiscale, sesso, foto, id_medico, email) VALUES('19', '1961-02-22', 'Brescia', 'SPSRCR61B22B157U', 'M', '','1', 'Riccardo.Esposito@fake.gmail.com');
INSERT INTO users (typ, username, pass, nome, cognome, provincia_appartenenza) VALUES('paziente', 'Ludovica.Moretti@fake.gmail.com', '10000:0fb58034f8d14acd:d7d04a915eb436e9a97c7159feaa6f566971c36bbbd6d4c7af4ed10546331626a0922daa98eec2146ca71b01884febc9484b58cff6bb73e1ce35ce25dba422e7','Ludovica', 'Moretti', 'Milano');
INSERT INTO paziente(id_user, data_nascita, luogo_nascita, codice_fiscale, sesso, foto, id_medico, email) VALUES('20', '1967-03-06', 'Milano', 'MRTLVC67C46F205L', 'F', '','2', 'Ludovica.Moretti@fake.gmail.com');
INSERT INTO users (typ, username, pass, nome, cognome, provincia_appartenenza) VALUES('paziente', 'Aurelio.Lombardo@fake.gmail.com', '10000:5bcb1045b7e515c1:355c144846174367cef3aaf1aa0e5336df34f596d61f079c09d62a882be550c70ee785d06ebec468bde5d7e77a1057df59f54ede0d41103adf5a1f1532a1e951','Aurelio', 'Lombardo', 'Milano');
INSERT INTO paziente(id_user, data_nascita, luogo_nascita, codice_fiscale, sesso, foto, id_medico, email) VALUES('21', '2006-02-24', 'Brescia', 'LMBRLA06B24B157A', 'M', '','2', 'Aurelio.Lombardo@fake.gmail.com');
INSERT INTO users (typ, username, pass, nome, cognome, provincia_appartenenza) VALUES('paziente', 'Gaia.Ferri@fake.gmail.com', '10000:865188eccea3a6f2:805444103ab6e6f37733f43c265c50286a296876569e25b0d6e1a87c897d9acdd435b5315b1196511c9c7af8c03b8eea899b709eaa4e77f3e2ecfdce6aeae3aa','Gaia', 'Ferri', 'Milano');
INSERT INTO paziente(id_user, data_nascita, luogo_nascita, codice_fiscale, sesso, foto, id_medico, email) VALUES('22', '1965-08-30', 'Milano', 'FRRGAI65M70F205S', 'F', '','2', 'Gaia.Ferri@fake.gmail.com');
INSERT INTO users (typ, username, pass, nome, cognome, provincia_appartenenza) VALUES('paziente', 'Giovanna.De Santis@fake.gmail.com', '10000:e95803bd1a532d50:fb239e13586d34cf4855774d9b419bdaaf46acf77cf5936c64f801e4bda0bcba9e46af138ea6f4d8f80d38a2d3476dbca454644c52b39fd96fa95ca11ba4dc77','Giovanna', 'De Santis', 'Milano');
INSERT INTO paziente(id_user, data_nascita, luogo_nascita, codice_fiscale, sesso, foto, id_medico, email) VALUES('23', '1976-02-09', 'Roma', 'DSNGNN76B49H501W', 'F', '','2', 'Giovanna.De Santis@fake.gmail.com');
INSERT INTO users (typ, username, pass, nome, cognome, provincia_appartenenza) VALUES('paziente', 'Lorenzo.Galli@fake.gmail.com', '10000:0d25a7b12646a619:8d7793f2fdfef957113c8015c6799669c2f0d1d1d300b95e33eb738ddfa4e23cb5d3671673b323a5b9ad67eb5f30ca8e58fc03cd75726c54d3d1c2e4ed7f66b2','Lorenzo', 'Galli', 'Roma');
INSERT INTO paziente(id_user, data_nascita, luogo_nascita, codice_fiscale, sesso, foto, id_medico, email) VALUES('24', '1963-12-26', 'Milano', 'GLLLNZ63T26F205C', 'M', '','3', 'Lorenzo.Galli@fake.gmail.com');
INSERT INTO users (typ, username, pass, nome, cognome, provincia_appartenenza) VALUES('paziente', 'Leonardo.De Santis@fake.gmail.com', '10000:01372cec3b0a6992:69aefe359ff9a0e3a44940e380943617f204832d608ef6d2a8b0f79dd4d5aec6c95a7e8e1027e328931c22bc19466df27cb0940e15dea20f6e66e586baa8344d','Leonardo', 'De Santis', 'Milano');
INSERT INTO paziente(id_user, data_nascita, luogo_nascita, codice_fiscale, sesso, foto, id_medico, email) VALUES('25', '1923-02-19', 'Brescia', 'DSNLRD23B19B157Q', 'M', '','2', 'Leonardo.De Santis@fake.gmail.com');
INSERT INTO users (typ, username, pass, nome, cognome, provincia_appartenenza) VALUES('paziente', 'Marco.Moretti@fake.gmail.com', '10000:4e93b2cd571a5afa:498f8fee4a7d94cfd56b0bffc56b18aabd236cdf6f379f84ff595da6e8c034d9520a57f1385e050ea86f02271897fc14f527aa2750c7d2ccb83f79b15543dde3','Marco', 'Moretti', 'Milano');
INSERT INTO paziente(id_user, data_nascita, luogo_nascita, codice_fiscale, sesso, foto, id_medico, email) VALUES('26', '1933-10-12', 'Milano', 'MRTMRC33R12F205O', 'M', '','2', 'Marco.Moretti@fake.gmail.com');
INSERT INTO users (typ, username, pass, nome, cognome, provincia_appartenenza) VALUES('paziente', 'Gabriele.Valentini@fake.gmail.com', '10000:d7c457634dd37481:0452b4acbc96988129b5fe4cf148d65fdf4fddd250ad39f71f770b15a0fe49e495502ad5e7b1e51ec8f4c2707879d07bfb34435722b209b346b35e494b425673','Gabriele', 'Valentini', 'Brescia');
INSERT INTO paziente(id_user, data_nascita, luogo_nascita, codice_fiscale, sesso, foto, id_medico, email) VALUES('27', '1987-08-07', 'Milano', 'VLNGRL87M07F205U', 'M', '','1', 'Gabriele.Valentini@fake.gmail.com');
INSERT INTO users (typ, username, pass, nome, cognome, provincia_appartenenza) VALUES('paziente', 'Alessia.Bruno@fake.gmail.com', '10000:58098944e853f32c:d5c589634289e58bbaa609d6d68ec21f31a89e9e78cd06b367f7cfff8820135305db3947f9458a700e3338c1a63a621c82d38fcc9f9764c9aaeb4831f3756200','Alessia', 'Bruno', 'Milano');
INSERT INTO paziente(id_user, data_nascita, luogo_nascita, codice_fiscale, sesso, foto, id_medico, email) VALUES('28', '1937-05-09', 'Roma', 'BRNLSS37E49H501Q', 'F', '','2', 'Alessia.Bruno@fake.gmail.com');
INSERT INTO users (typ, username, pass, nome, cognome, provincia_appartenenza) VALUES('paziente', 'Christian.Conte@fake.gmail.com', '10000:895c06eb433412c2:11cfa673325b561c633dcb2d2bf0682b997cf92b88a1deae7e68d8fae01b02766c4b03ed38617070f1567e188e899bad8780acd1e4000ab344cdd9ae17f731d4','Christian', 'Conte', 'Milano');
INSERT INTO paziente(id_user, data_nascita, luogo_nascita, codice_fiscale, sesso, foto, id_medico, email) VALUES('29', '1985-09-07', 'Brescia', 'CNTCRS85P07B157X', 'M', '','2', 'Christian.Conte@fake.gmail.com');
INSERT INTO users (typ, username, pass, nome, cognome, provincia_appartenenza) VALUES('paziente', 'Matteo.Vitale@fake.gmail.com', '10000:9e6529319fa38358:666d9e4d194e725d71bebbe4f43ae3855cc41172b4e0613fd618cdb35acef3e7c8c4e444433b4587f9ac449edeea5950fc4070c301a184fd4225e6fa9d61f945','Matteo', 'Vitale', 'Milano');
INSERT INTO paziente(id_user, data_nascita, luogo_nascita, codice_fiscale, sesso, foto, id_medico, email) VALUES('30', '1928-06-07', 'Roma', 'VTLMTT28H07H501P', 'M', '','2', 'Matteo.Vitale@fake.gmail.com');
INSERT INTO users (typ, username, pass, nome, cognome, provincia_appartenenza) VALUES('paziente', 'Matilde.Gallo@fake.gmail.com', '10000:5001f9f81f185c3c:b086c72638540096dfceb8fe8735e19ef8de8520867891e4e67f72a963a266a4bd8d66ef16de30849ef3979420284e8024bdf0fcb62674cd03379b06f9dfb5fb','Matilde', 'Gallo', 'Roma');
INSERT INTO paziente(id_user, data_nascita, luogo_nascita, codice_fiscale, sesso, foto, id_medico, email) VALUES('31', '1993-05-18', 'Brescia', 'GLLMLD93E58B157Z', 'F', '','3', 'Matilde.Gallo@fake.gmail.com');
INSERT INTO users (typ, username, pass, nome, cognome, provincia_appartenenza) VALUES('paziente', 'Edoardo.Marchetti@fake.gmail.com', '10000:a0a85c914768ab0a:c31c2b909be16dabd6ff12923fefa1b7bb76bdce26ffd555668ea9e7ce13a5c26c58e6a7849b21724bb4240a89ab85fb9a61d6f83f7bf15fe4c2636e70fcad90','Edoardo', 'Marchetti', 'Milano');
INSERT INTO paziente(id_user, data_nascita, luogo_nascita, codice_fiscale, sesso, foto, id_medico, email) VALUES('32', '1950-01-05', 'Brescia', 'MRCDRD50A05B157A', 'M', '','2', 'Edoardo.Marchetti@fake.gmail.com');
INSERT INTO users (typ, username, pass, nome, cognome, provincia_appartenenza) VALUES('paziente', 'Alessia.Rossi@fake.gmail.com', '10000:cd7bd80f0d7a429b:3580b8f4b0366adeb97fd3587f4619d7fd4980ea78fb61cb79b120126f0b139095c2f02ac7cf6ddc330363799adb88368e0ad85e5ecba00bcd945b7232fcb96b','Alessia', 'Rossi', 'Roma');
INSERT INTO paziente(id_user, data_nascita, luogo_nascita, codice_fiscale, sesso, foto, id_medico, email) VALUES('33', '1921-09-08', 'Milano', 'RSSLSS21P48F205E', 'F', '','3', 'Alessia.Rossi@fake.gmail.com');
INSERT INTO users (typ, username, pass, nome, cognome, provincia_appartenenza) VALUES('paziente', 'Greta.Giordano@fake.gmail.com', '10000:d428bd4cb31ec1f4:64f93150df9143574ba9086ceacd719e66cbe79e670f4b6d2d28755523d8b96869935032f2b3eeeafb6a05de2a6f8929126ea695af2b6e4a400013ce6cd38ae4','Greta', 'Giordano', 'Roma');
INSERT INTO paziente(id_user, data_nascita, luogo_nascita, codice_fiscale, sesso, foto, id_medico, email) VALUES('34', '1976-11-03', 'Roma', 'GRDGRT76S43H501I', 'F', '','3', 'Greta.Giordano@fake.gmail.com');
INSERT INTO users (typ, username, pass, nome, cognome, provincia_appartenenza) VALUES('paziente', 'Ludovica.Marino@fake.gmail.com', '10000:6fc425b9b1a14c99:8625a2a14013868c8f3444d09fffecf33376f2f7ffbe056e8b1a5a127fa2fff13261834b6699f2fabd54e3021376badf319176e5456268514366e96d1e1dc0b9','Ludovica', 'Marino', 'Roma');
INSERT INTO paziente(id_user, data_nascita, luogo_nascita, codice_fiscale, sesso, foto, id_medico, email) VALUES('35', '1965-09-22', 'Roma', 'MRNLVC65P62H501C', 'F', '','3', 'Ludovica.Marino@fake.gmail.com');
INSERT INTO users (typ, username, pass, nome, cognome, provincia_appartenenza) VALUES('paziente', 'Leonardo.Ferri@fake.gmail.com', '10000:528b3943034867ea:85303ce20704d09e8b1d3cb07879493c35d48f565672bc9381bf490f3e802b508c352b4f5b41f02139f726ccd30da23cddb00a44f780067182727dac7000e699','Leonardo', 'Ferri', 'Roma');
INSERT INTO paziente(id_user, data_nascita, luogo_nascita, codice_fiscale, sesso, foto, id_medico, email) VALUES('36', '1953-09-09', 'Roma', 'FRRLRD53P09H501Q', 'M', '','3', 'Leonardo.Ferri@fake.gmail.com');
INSERT INTO users (typ, username, pass, nome, cognome, provincia_appartenenza) VALUES('paziente', 'Anna.Rinaldi@fake.gmail.com', '10000:98a92178c4026005:913a098822ee652fe0b9ecbe10678170a66e653a57eefe157f0c49a66554e13878654d217f2cbbac732b6d36fae5e3da91fab78dd797655bdb7f58933602c34d','Anna', 'Rinaldi', 'Roma');
INSERT INTO paziente(id_user, data_nascita, luogo_nascita, codice_fiscale, sesso, foto, id_medico, email) VALUES('37', '1984-03-25', 'Milano', 'RNLNNA84C65F205Y', 'F', '','3', 'Anna.Rinaldi@fake.gmail.com');
INSERT INTO users (typ, username, pass, nome, cognome, provincia_appartenenza) VALUES('paziente', 'Giovanni.Bianchi@fake.gmail.com', '10000:af93be2826a6e93d:e66975e9e4a80cea6af5760758a29469bd8c20f995322e752541bd2d9f1a2e51d15a9565a7c0871921669cb87c56dc992ffe8288c1a8bdb3d11a3a314d6c395a','Giovanni', 'Bianchi', 'Roma');
INSERT INTO paziente(id_user, data_nascita, luogo_nascita, codice_fiscale, sesso, foto, id_medico, email) VALUES('38', '1996-02-02', 'Roma', 'BNCGNN96B02H501F', 'M', '','3', 'Giovanni.Bianchi@fake.gmail.com');
INSERT INTO users (typ, username, pass, nome, cognome, provincia_appartenenza) VALUES('paziente', 'Vittoria.Rossi@fake.gmail.com', '10000:1eb477f0b245f91b:2e3c3a1e201781a4a14256bf59d15b24ba69b4bf0298bd5189b1c8caec57623e830d916571b4ecd258a2893c9a1d787644dd42e7d22e7e182eaa8358c39f1363','Vittoria', 'Rossi', 'Brescia');
INSERT INTO paziente(id_user, data_nascita, luogo_nascita, codice_fiscale, sesso, foto, id_medico, email) VALUES('39', '1955-03-27', 'Milano', 'RSSVTR55C67F205D', 'F', '','4', 'Vittoria.Rossi@fake.gmail.com');
INSERT INTO users (typ, username, pass, nome, cognome, provincia_appartenenza) VALUES('paziente', 'Alice.Bruno@fake.gmail.com', '10000:10ddfb00a8cbc33a:a7d3addf99080bb07551a9828cdd1ecec234b4cb1334902939ee146176e10ae1717626b3b24b9d76f3fdda07f72cdc717dea8ee88ff58374f31fb7f0306661cf','Alice', 'Bruno', 'Brescia');
INSERT INTO paziente(id_user, data_nascita, luogo_nascita, codice_fiscale, sesso, foto, id_medico, email) VALUES('40', '1973-08-14', 'Roma', 'BRNLCA73M54H501V', 'F', '','4', 'Alice.Bruno@fake.gmail.com');
INSERT INTO users (typ, username, pass, nome, cognome, provincia_appartenenza) VALUES('paziente', 'Nicola.Rossi@fake.gmail.com', '10000:2f47d972a695b7e1:efce66c998bff335b64dd31f9d7da0d5ac680890c42cda05aee315b0d3700f5cd5b25387b351086b8c35516a2009aaf42281c6b3e6931e5a1453acc7a9997297','Nicola', 'Rossi', 'Roma');
INSERT INTO paziente(id_user, data_nascita, luogo_nascita, codice_fiscale, sesso, foto, id_medico, email) VALUES('41', '1991-10-16', 'Milano', 'RSSNCL91R16F205G', 'M', '','3', 'Nicola.Rossi@fake.gmail.com');
INSERT INTO users (typ, username, pass, nome, cognome, provincia_appartenenza) VALUES('paziente', 'Riccardo.Giordano@fake.gmail.com', '10000:771e8e8faf5cddad:f090280ed6890137fe99aa8c2934b6aadd6b6300815d9509214326490a333c06e5723c3e6613a13785cc8fabdbd97722a1938f8a94c82b2a6971658034ad8acc','Riccardo', 'Giordano', 'Roma');
INSERT INTO paziente(id_user, data_nascita, luogo_nascita, codice_fiscale, sesso, foto, id_medico, email) VALUES('42', '1924-08-24', 'Roma', 'GRDRCR24M24H501G', 'M', '','3', 'Riccardo.Giordano@fake.gmail.com');
INSERT INTO users (typ, username, pass, nome, cognome, provincia_appartenenza) VALUES('paziente', 'Ludovica.DeLuca@fake.gmail.com', '10000:83e3a733423388bb:6b2ea5320f6d50de50b3d756126e7bd5d6ec81b03aff28cca09cb0a4a9edba8b53bcf102be382da9367a4fd26108c82bd439cc01f815e4d6c6edb918144e9d21','Ludovica', 'DeLuca', 'Brescia');
INSERT INTO paziente(id_user, data_nascita, luogo_nascita, codice_fiscale, sesso, foto, id_medico, email) VALUES('43', '1921-02-07', 'Brescia', 'DLCLVC21B47B157S', 'F', '','4', 'Ludovica.DeLuca@fake.gmail.com');
INSERT INTO users (typ, username, pass, nome, cognome, provincia_appartenenza) VALUES('paziente', 'Lorenzo.Mancini@fake.gmail.com', '10000:48b0602e04357482:9c17d71af70507fd28f56110c4abbdef6681ce0283c62d2ee131d8968e0dc5917dd30f80f8b46fcea8eff2a66bed8eedb7c295ea8c54f56bd956dc040adda0b6','Lorenzo', 'Mancini', 'Brescia');
INSERT INTO paziente(id_user, data_nascita, luogo_nascita, codice_fiscale, sesso, foto, id_medico, email) VALUES('44', '1949-09-14', 'Roma', 'MNCLNZ49P14H501N', 'M', '','4', 'Lorenzo.Mancini@fake.gmail.com');
INSERT INTO users (typ, username, pass, nome, cognome, provincia_appartenenza) VALUES('paziente', 'Francesca.Conti@fake.gmail.com', '10000:9e6dc14aa9686057:c5a1a440d4213322a6b778aa9a226c14b4332357092ba4ee90466ffe5c414df545c64e4d6a4e918e6c289aa673b7705e2ba8f45397cb1a0e9baab131f305dd07','Francesca', 'Conti', 'Brescia');
INSERT INTO paziente(id_user, data_nascita, luogo_nascita, codice_fiscale, sesso, foto, id_medico, email) VALUES('45', '1951-06-27', 'Milano', 'CNTFNC51H67F205G', 'F', '','4', 'Francesca.Conti@fake.gmail.com');
INSERT INTO users (typ, username, pass, nome, cognome, provincia_appartenenza) VALUES('paziente', 'Chiara.Fontana@fake.gmail.com', '10000:7e05f4469c4a69eb:b9a79eb58a39aaa42fb8049d323fb82f11e86898d888ac3e69633483a87f45a20a940dbea6c8ec645b8148cb1eed721af7cd55db7bcce60dd4b0a07049ff625b','Chiara', 'Fontana', 'Brescia');
INSERT INTO paziente(id_user, data_nascita, luogo_nascita, codice_fiscale, sesso, foto, id_medico, email) VALUES('46', '1974-02-23', 'Roma', 'FNTCHR74B63H501A', 'F', '','4', 'Chiara.Fontana@fake.gmail.com');
INSERT INTO users (typ, username, pass, nome, cognome, provincia_appartenenza) VALUES('paziente', 'Nicole.Conti@fake.gmail.com', '10000:19debe977a07b091:425bf4e2aa0ca9eb4a1d8eeaed28fd6708d88f4ec533048080455706385327ccbf654b6511e6273cd58de6603dc7055171123f9b2cb38b474007cba379384665','Nicole', 'Conti', 'Milano');
INSERT INTO paziente(id_user, data_nascita, luogo_nascita, codice_fiscale, sesso, foto, id_medico, email) VALUES('47', '1965-06-22', 'Milano', 'CNTNCL65H62F205C', 'F', '','5', 'Nicole.Conti@fake.gmail.com');
INSERT INTO users (typ, username, pass, nome, cognome, provincia_appartenenza) VALUES('paziente', 'Noemi.Ricci@fake.gmail.com', '10000:b0155049b6636ae3:862757ab0de39cbe4e4f8ae45fc899f2d0a5840cc7b6c78fb4696dfc471a83da772adf7ba9a0bf2c47c750eb4f9b8223c5fedf8971e4fe4751b6f8686af9773a','Noemi', 'Ricci', 'Milano');
INSERT INTO paziente(id_user, data_nascita, luogo_nascita, codice_fiscale, sesso, foto, id_medico, email) VALUES('48', '1920-10-24', 'Milano', 'RCCNMO20R64F205H', 'F', '','5', 'Noemi.Ricci@fake.gmail.com');
INSERT INTO users (typ, username, pass, nome, cognome, provincia_appartenenza) VALUES('paziente', 'Gaia.Rizzo@fake.gmail.com', '10000:e703ae947dc8c71f:855235e7cc0537766b3f0bf565e54b754411a9c6e61784586f36fdd2cce4573278e1b033553e12b0c1d7b61167c8090403d7a74030f97fdccac9d2350b545cd0','Gaia', 'Rizzo', 'Brescia');
INSERT INTO paziente(id_user, data_nascita, luogo_nascita, codice_fiscale, sesso, foto, id_medico, email) VALUES('49', '1933-07-30', 'Brescia', 'RZZGAI33L70B157M', 'F', '','4', 'Gaia.Rizzo@fake.gmail.com');
INSERT INTO users (typ, username, pass, nome, cognome, provincia_appartenenza) VALUES('paziente', 'Beatrice.Santoro@fake.gmail.com', '10000:7f4da98856ebfc25:ebdd853a766be1112516726f9398689803ce43bb26206881a11d16007c5d023a5bfe25e8e774b741136dd33bbb1b6611a090757edad6144e8a4ed21f802286f5','Beatrice', 'Santoro', 'Brescia');
INSERT INTO paziente(id_user, data_nascita, luogo_nascita, codice_fiscale, sesso, foto, id_medico, email) VALUES('50', '1931-07-12', 'Roma', 'SNTBRC31L52H501O', 'F', '','4', 'Beatrice.Santoro@fake.gmail.com');
INSERT INTO users (typ, username, pass, nome, cognome, provincia_appartenenza) VALUES('paziente', 'Chiara.Colombo@fake.gmail.com', '10000:935f3956bbb04389:74a78b55686fa75018f3ed5e1d7dcc5733519e110c7c695fff82bb4e9241a121d580494eef858635b757d22a67b0e89c28ac1c2b0e0eca64d159fce7d503e477','Chiara', 'Colombo', 'Brescia');
INSERT INTO paziente(id_user, data_nascita, luogo_nascita, codice_fiscale, sesso, foto, id_medico, email) VALUES('51', '2014-04-15', 'Brescia', 'CLMCHR14D55B157S', 'F', '','4', 'Chiara.Colombo@fake.gmail.com');
INSERT INTO users (typ, username, pass, nome, cognome, provincia_appartenenza) VALUES('paziente', 'Sara.Marini@fake.gmail.com', '10000:91ef01f161dd0df3:e737d7fa65fd05daa64ad9b82e57900aac1807c19486ddd4b1d198a846861d0f6da5aa688c08880fd85cadda8af04fc7d1bde026cf00c06156db2ce716e8e87d','Sara', 'Marini', 'Milano');
INSERT INTO paziente(id_user, data_nascita, luogo_nascita, codice_fiscale, sesso, foto, id_medico, email) VALUES('52', '1964-04-12', 'Brescia', 'MRNSRA64D52B157K', 'F', '','5', 'Sara.Marini@fake.gmail.com');
INSERT INTO users (typ, username, pass, nome, cognome, provincia_appartenenza) VALUES('paziente', 'Tommaso.Caruso@fake.gmail.com', '10000:0755b6fb90921787:917361fc3cc515d82791b3e926d277893c1d79c0c4b8070091ee1eae3949540e41ef808032928b97c5df34c510b333525bf272ef2773052f486a5f3f97a26068','Tommaso', 'Caruso', 'Milano');
INSERT INTO paziente(id_user, data_nascita, luogo_nascita, codice_fiscale, sesso, foto, id_medico, email) VALUES('53', '1956-06-24', 'Brescia', 'CRSTMS56H24B157D', 'M', '','5', 'Tommaso.Caruso@fake.gmail.com');
INSERT INTO users (typ, username, pass, nome, cognome, provincia_appartenenza) VALUES('paziente', 'Tommaso.Vitale@fake.gmail.com', '10000:8a2474fd53d6b9ff:7c2f69dfd11bb5d5f96de2ced9e4ec3b6afb9f5081b4ad22fe2821b7528921cc0836e64bddd8a4b56688bc0c9747b2c2d5777b6506fee1ea5db99a141c76f653','Tommaso', 'Vitale', 'Brescia');
INSERT INTO paziente(id_user, data_nascita, luogo_nascita, codice_fiscale, sesso, foto, id_medico, email) VALUES('54', '1952-03-27', 'Brescia', 'VTLTMS52C27B157U', 'M', '','4', 'Tommaso.Vitale@fake.gmail.com');
INSERT INTO users (typ, username, pass, nome, cognome, provincia_appartenenza) VALUES('paziente', 'Sara.Mancini@fake.gmail.com', '10000:80783887eef4e130:81a9657f06d354365e1a59109f9f9900227c48991f28d425c7160b2ca0afb151701a7f4929d743f7b2dad36cec361b7e70febc0928c670d94ed508f359807511','Sara', 'Mancini', 'Milano');
INSERT INTO paziente(id_user, data_nascita, luogo_nascita, codice_fiscale, sesso, foto, id_medico, email) VALUES('55', '1932-01-25', 'Milano', 'MNCSRA32A65F205K', 'F', '','5', 'Sara.Mancini@fake.gmail.com');
INSERT INTO users (typ, username, pass, nome, cognome, provincia_appartenenza) VALUES('paziente', 'Giovanna.Fontana@fake.gmail.com', '10000:9282ece73868e333:30eef1309a6958be5d5f3f5ab6257b0c045c61a96bc44340b72402a6d2e47aa276d5451aad5017ee8d3e9adb3b79ced388c06d4032a43f14074785689589ef82','Giovanna', 'Fontana', 'Milano');
INSERT INTO paziente(id_user, data_nascita, luogo_nascita, codice_fiscale, sesso, foto, id_medico, email) VALUES('56', '1968-11-03', 'Brescia', 'FNTGNN68S43B157S', 'F', '','5', 'Giovanna.Fontana@fake.gmail.com');
INSERT INTO users (typ, username, pass, nome, cognome, provincia_appartenenza) VALUES('paziente', 'Alessia.Bianco@fake.gmail.com', '10000:5fd174b09431d5f2:e40161b0fa92882a269de3ab852ddf98ba3515f40ee76b2ecffd336d5052a98b389a08c7bee68add1b55f3087cab5125edd0aff2a40e1df03a6606d2e9b55cbe','Alessia', 'Bianco', 'Milano');
INSERT INTO paziente(id_user, data_nascita, luogo_nascita, codice_fiscale, sesso, foto, id_medico, email) VALUES('57', '1974-08-13', 'Brescia', 'BNCLSS74M53B157D', 'F', '','5', 'Alessia.Bianco@fake.gmail.com');
INSERT INTO users (typ, username, pass, nome, cognome, provincia_appartenenza) VALUES('paziente', 'Christian.Mancini@fake.gmail.com', '10000:bd4d34fae45da704:4f816288bcfc9312d6cc8c9690b64e62d76452180553870d54c21c5724b25b06c15bfeadcfc5e393e2f4ea8e92e6658631ba545b4a9b27eec3fc7bf1c5e0e486','Christian', 'Mancini', 'Milano');
INSERT INTO paziente(id_user, data_nascita, luogo_nascita, codice_fiscale, sesso, foto, id_medico, email) VALUES('58', '1965-04-11', 'Milano', 'MNCCRS65D11F205L', 'M', '','5', 'Christian.Mancini@fake.gmail.com');
INSERT INTO users (typ, username, pass, nome, cognome, provincia_appartenenza) VALUES('paziente', 'Gaia.Romano@fake.gmail.com', '10000:7d09639938637bda:81cfc7182a1992b7f67f4a4e2d95b1f857868cd83607eb8e097a1722fd94eaef27d31c3578c11fc33787d55737dd713a85c62ad96d5ec065aabe606233ee2b97','Gaia', 'Romano', 'Milano');
INSERT INTO paziente(id_user, data_nascita, luogo_nascita, codice_fiscale, sesso, foto, id_medico, email) VALUES('59', '2009-10-02', 'Milano', 'RMNGAI09R42F205B', 'F', '','5', 'Gaia.Romano@fake.gmail.com');
INSERT INTO users (typ, username, pass, nome, cognome, provincia_appartenenza) VALUES('paziente', 'Sofia.Barbieri@fake.gmail.com', '10000:17d1283ee76c5808:09e54dfe1a558d3b841b2a23d1abf61d2060c0505846e410819291a985ab848def98900e7c0a385106a25db1e5bb8c45f5e602e831def14c1b902427e8d00bd6','Sofia', 'Barbieri', 'Milano');
INSERT INTO paziente(id_user, data_nascita, luogo_nascita, codice_fiscale, sesso, foto, id_medico, email) VALUES('60', '1921-03-04', 'Milano', 'BRBSFO21C44F205F', 'F', '','5', 'Sofia.Barbieri@fake.gmail.com');
